,predicted_return,realized_return,innovation,pred_bias_corrected
1970-01-01,0.02799058246944839,0.027220088311276758,-0.0007704941581716321,
1970-02-01,0.01901581747641174,-0.054991926802691715,-0.07400774427910345,
1970-03-01,-0.05447951651770805,-0.07299841088619086,-0.018518894368482808,
1970-04-01,0.04161401886330317,-0.039221384113577784,-0.08083540297688095,
1970-05-01,-0.04707725504101047,0.11627000378332175,0.1633472588243322,
1970-06-01,-0.0284846452490837,0.1872854901554104,0.21577013540449408,
1970-07-01,0.18377768936829197,0.20700292965072165,0.02322524028242967,
1970-08-01,0.2474052578940818,0.1684967614705113,-0.07890849642357049,
1970-09-01,0.2569702618841677,0.17464049484233368,-0.08232976704183403,
1970-10-01,0.20442878099737527,0.19006075329509908,-0.014368027702276187,
1970-11-01,0.2568548335920154,0.23286070410415993,-0.023994129487855453,
1970-12-01,0.25839565538418546,0.1804571604484284,-0.07793849493575705,
1971-01-01,0.20480652229050927,0.17306030382651638,-0.03174621846399289,
1971-02-01,0.1987873327141979,0.11258339448481913,-0.08620393822937879,
1971-03-01,0.1685853981715106,0.06427413423260964,-0.10431126393890097,
1971-04-01,0.1118119665242935,0.022156679102050214,-0.08965528742224328,
1971-05-01,0.05215442971724636,0.018407909088217878,-0.033746520629028484,
1971-06-01,0.08410203489382251,0.06055007697561243,-0.023551957918210076,
1971-07-01,0.08976467178022614,0.04576261548263294,-0.0440020562975932,
1971-08-01,0.06308020000796868,0.01617374316723863,-0.04690645684073006,
1971-09-01,0.059846155680593205,0.06231158149970595,0.0024654258191127414,
1971-10-01,0.07475831910120627,0.1289962509457725,0.054237931844566226,
1971-11-01,0.130387943308388,0.20231843743873323,0.07193049413034523,
1971-12-01,0.20182275451739173,0.1495989649050813,-0.05222378961231046,
1972-01-01,0.1698194981736751,0.11362918638913366,-0.05619031178454144,0.1608241462132736
1972-02-01,0.172195740573581,0.08184456395162565,-0.09035117662195534,0.16306517452892755
1972-03-01,0.12615173676455557,0.05948235166742233,-0.06666938509713324,0.11964118869895089
1972-04-01,0.07677215896046753,0.041121240472509424,-0.03565091848795811,0.0730714313045117
1972-05-01,0.03708802181057742,0.08830439323078987,0.051216371420212445,0.035645419952
1972-06-01,0.05761933626528503,0.06926892338857549,0.011649587123290457,0.05500845170853152
1972-07-01,0.034849436162582334,0.07879149777023287,0.04394206160765053,0.03353421537776457
1972-08-01,0.07923028654297937,0.09358139452090963,0.014351107977930266,0.07538968533285373
1972-09-01,0.08947920653843013,0.13156679147561623,0.042087584937186104,0.08505541636921031
1972-10-01,0.1258771151815426,0.13683350374563297,0.010956388564090355,0.11938219376491295
1972-11-01,0.13002862382607328,0.04424990195693712,-0.08577872186913614,0.12329747127424608
1972-12-01,0.06847896010796124,0.007349013850021624,-0.06112994625793962,0.06525013602901654
1973-01-01,0.022337470652495653,-0.01802332631759085,-0.0403607969700865,0.02173421172758981
1973-02-01,-0.020618363372397794,-0.009599412869967239,0.011018950502430555,-0.0187773288358346
1973-03-01,-0.020772527197521207,-0.015118857314103673,0.005653669883417534,-0.018922720357071984
1973-04-01,-0.013760290490086508,0.013962953868815742,0.02772324435890225,-0.012309497304553703
1973-05-01,0.010820108640565908,0.023951787626373067,0.013131678985807159,0.0108722161704894
1973-06-01,0.028431592387636154,0.06527895481008161,0.03684736242244546,0.02748156282612789
1973-07-01,0.09007580002488033,0.09629825678473458,0.00622245675985425,0.08561806220707709
1973-08-01,0.0779651989804409,0.03857126728828009,-0.03939393169216081,0.07419658438930411
1973-09-01,0.03916173433989043,-0.049200753425651,-0.08836248776554143,0.03760113309679567
1973-10-01,-0.04467647905657805,-0.0702997083479161,-0.02562322929133805,-0.041466478087468596
1973-11-01,-0.04939994091754962,-0.025317997785354818,0.024081943132194805,-0.04592116325711623
1973-12-01,-0.03379057521780049,0.0927474930749792,0.1265380682927797,-0.031200009167819478
1974-01-01,0.04245382373318726,0.02310624575204656,-0.0193475779811407,0.0407058944411494
1974-02-01,0.041111466986154886,0.021105307463544776,-0.02000615952261011,0.039439921121286164
1974-03-01,0.03591383912179427,-0.017912388768741128,-0.0538262278905354,0.03453805116949788
1974-04-01,-0.002789079431543169,-0.0828693742462715,-0.08008029481472834,-0.0019625753574557046
1974-05-01,-0.05426447109150061,-0.09012421640748636,-0.035859745315985764,-0.05050888960296748
1974-06-01,-0.11991908138296271,-0.18055849640795862,-0.060639415024995924,-0.11242758978364652
1974-07-01,-0.21723972959424004,-0.051505018229462185,0.16573471136477785,-0.2042104518131703
1974-08-01,-0.12288253739303613,0.023186096814731938,0.14606863420776806,-0.11522241779910165
1974-09-01,-0.015818738679668452,0.06745132958807831,0.08327006826774677,-0.014250814688395683
1974-10-01,0.036458785743812,0.13125408837213892,0.09479530262832692,0.03505198897757253
1974-11-01,0.10885054410804278,0.2053746950257631,0.09652415091772032,0.10332447680147594
1974-12-01,0.21494484257977292,0.3413166355844446,0.12637179300467166,0.20338174663808956
1975-01-01,0.40518308905955575,0.2492148276479078,-0.15596826141164793,0.3827949652131087
1975-02-01,0.3346691572382525,0.20042538063675686,-0.13424377660149567,0.316293450945924
1975-03-01,0.2896341574342745,0.17443129570082716,-0.11520286173344738,0.2738210542913652
1975-04-01,0.20999968600700236,0.1600098041961815,-0.049989881810820855,0.19871798173541808
1975-05-01,0.1767513911938836,0.01148324531325251,-0.1652681458806311,0.16736159733357442
1975-06-01,0.062054114899970786,-0.024278847041256046,-0.08633296194122683,0.05919088044323528
1975-07-01,-0.02055887122834589,0.02023587821129058,0.04079474943963647,-0.01872122194228512
1975-08-01,0.01786474935016376,0.1179120666811182,0.10004731733095444,0.017515999357104694
1975-09-01,0.08061568565407719,0.11280450564237232,0.032188819988295134,0.07669625179954709
1975-10-01,0.05612655050489747,0.15929356937437045,0.10316701886947298,0.053600609159149354
1975-11-01,0.13272615758966566,0.18135818038357177,0.04863202279390609,0.12584150867837726
1975-12-01,0.14548839830115307,0.2025353028418524,0.057046904540699314,0.13787754625045628
1976-01-01,0.1543032808813935,0.10892550070756446,-0.04537778017382904,0.14619084015610567
1976-02-01,0.09373002131180587,0.060273037397189144,-0.033456983914616725,0.08906434924243585
1976-03-01,0.033200366924603,0.06120929714538592,0.028008930220782918,0.03197898226815762
1976-04-01,0.03067113921492014,0.07733899198304695,0.04666785276812681,0.02959367388616751
1976-05-01,0.04432035517839022,0.07515570274015171,0.03083534756176149,0.04246621561920932
1976-06-01,0.06176357669538232,0.09109560311655884,0.02933202642117652,0.058916874582853454
1976-07-01,0.07825977665080282,0.03032750913368676,-0.04793226751711606,0.07447439985984136
1976-08-01,0.050980788787971104,0.03311086947303865,-0.017869919314932453,0.048747654042408474
1976-09-01,0.045030384201172585,0.04741956312507489,0.002389178923902304,0.04313584223013688
1976-10-01,0.045661934367627555,0.0754114184621566,0.029749484094529044,0.04373145562624394
1976-11-01,0.06681360524425117,0.05407486881408774,-0.01273873643016344,0.0636795439861618
1976-12-01,0.06032183345356565,0.01575931711480605,-0.0445625163387596,0.05755717010617977
1977-01-01,0.04593296705814716,0.009852800358189029,-0.03608016669995813,0.043987065884669746
1977-02-01,0.03193386542301803,0.03559464676882751,0.0036607813458094766,0.030784547842198997
1977-03-01,0.03381349547292233,0.045943523634881966,0.012130028161959634,0.032557222281875846
1977-04-01,0.03482902765103135,0.07222971610887208,0.037400688457840725,0.033514968161122066
1977-05-01,0.04680953052221849,0.049692427775639425,0.002882897253420929,0.044813750714268505
1977-06-01,0.037499732823869494,0.028897796924057362,-0.008601935899812136,0.0360337035878322
1977-07-01,0.02020854079420603,-0.005027530954120452,-0.025236071748326483,0.019726423256743113
1977-08-01,-0.006960450430328766,0.027042354161605164,0.03400280459193393,-0.005896585003839565
1977-09-01,0.017774739944981535,0.03927641882099997,0.021501678876018435,0.017431111710248245
1977-10-01,0.02872316187660707,0.027552623431623013,-0.0011705384449840553,0.027756541288253826
1977-11-01,0.025356869968917006,0.008878249714263653,-0.016478620254653353,0.024581799736554864
1977-12-01,0.015677708148712992,0.013367510505635005,-0.0023101976430779866,0.015453406222605008
1978-01-01,0.01296896034545647,0.09903148849684684,0.08606252815139037,0.012898792885470868
1978-02-01,0.07092887919381971,0.1689243703323069,0.09799549113848718,0.06756064864451707
1978-03-01,0.1530121150804984,0.17150605146021292,0.018493936379714526,0.14497314489062077
1978-04-01,0.1809398713147033,0.1157126128401662,-0.0652272584745371,0.17131174255052797
1978-05-01,0.13819750075312776,0.13371663955423263,-0.004480861198895139,0.13100151885009362
1978-06-01,0.13318818349824907,0.12947597181339132,-0.003712211684857747,0.1262772441672071
1978-07-01,0.1233288261688922,0.09805783001850155,-0.02527099615039065,0.11697890871535509
1978-08-01,0.0999081222744463,-0.03132459459286552,-0.1312327168673118,0.09489090094220953
1978-09-01,0.0017329200552866214,-0.01562925623653766,-0.01736217629182428,0.0023021111466481775
1978-10-01,-0.012776942825456862,0.05487388931059334,0.06765083213605019,-0.01138210456017103
1978-11-01,0.028344619900923386,0.10290961123295839,0.07456499133203501,0.027399539289550197
1978-12-01,0.07559326649855028,0.10650579690156303,0.030912530403012756,0.0719596207466443
1979-01-01,0.09515276416646676,0.08720154899563348,-0.007951215170833269,0.0904061345010928
1979-02-01,0.08597828317858348,0.07746736331853321,-0.008510919860050273,0.08175370422879008
1979-03-01,0.07543815821054269,0.07770896830655638,0.0022708100960136986,0.07181333850480257
1979-04-01,0.07217045420802126,0.0667315526755099,-0.005438901532511371,0.06873157496202756
1979-05-01,0.05762759879358071,0.14041112889705465,0.08278353010347395,0.055016244078480915
1979-06-01,0.11507050541545721,0.12942857199725077,0.01435806658179356,0.1091905068886167
1979-07-01,0.12185642485319516,0.07587046243550466,-0.0459859624176905,0.115590290685219
1979-08-01,0.09159136845446533,0.021562023811076525,-0.07002934464338881,0.0870473910352916
1979-09-01,0.04716441669674299,0.05030742594474136,0.003143009247998367,0.04514844298555152
1979-10-01,0.05704940957912748,0.12151615388073589,0.06446674430160841,0.05447095526390261
1979-11-01,0.10553981701983689,0.17251197575886712,0.0669721587390302,0.1002021382932641
1979-12-01,0.15962845980945295,0.024448400925905833,-0.13518005888354712,0.15121300319981598
1980-01-01,0.08348498541904939,-0.01930914683288154,-0.10279413225193093,0.07940228129369992
1980-02-01,0.0198249785463672,-0.012721485063531879,-0.03254646360989908,0.019364686651817314
1980-03-01,-0.004737999020123437,0.15489108694682985,0.1596290859669533,-0.0038005965892601496
1980-04-01,0.08511576114312148,0.22405717154694438,0.13894141040382288,0.08094026183569822
1980-05-01,0.17730445175987303,0.20412271942018934,0.02681826766031628,0.16788318738209093
1980-06-01,0.20836519409733173,0.15739624410595732,-0.050968949991374427,0.1971764964679958
1980-07-01,0.16918544307591643,0.1379781727003755,-0.031207270375540955,0.1602261704226648
1980-08-01,0.12964087784878586,0.14875064338463728,0.019109765535851406,0.12293178900445054
1980-09-01,0.1331268732137924,0.10224800705234482,-0.03087886616144757,0.1262194225899498
1980-10-01,0.11495951721086364,0.06643849802805546,-0.048521019182808184,0.10908583418805062
1980-11-01,0.08938846465905011,-0.011526217135022443,-0.10091468179407255,0.08496983792775403
1980-12-01,0.015084754614974528,0.04227050231394536,0.02718574769897083,0.014894193215115715
1981-01-01,0.03072303570460455,0.055378726364377906,0.024655690659773355,0.029642617336915807
1981-02-01,0.04055116908998474,0.0707782262893486,0.03022705719936386,0.038911505564620585
1981-03-01,0.05348473684783431,0.03690431766596669,-0.016580419181867617,0.05110912124933247
1981-04-01,0.017807965321843727,0.00323334594625746,-0.014574619375586267,0.017462446480787392
1981-05-01,-0.053721072138194936,0.027882102647428075,0.08160317478562301,-0.04999641139741785
1981-06-01,0.024622181760585955,-0.0645411677400799,-0.08916334950066584,0.02388891710887675
1981-07-01,-0.039650395088076315,-0.02811017907260205,0.011540216015474267,-0.03672639075853586
1981-08-01,-0.02091741952177864,-0.005981761068796221,0.01493565845298242,-0.019059367948830584
1981-09-01,-0.022639632312076136,0.09630803000750965,0.11894766231958578,-0.02068358256127538
1981-10-01,0.06397216333495026,0.02618275589530894,-0.037789407439641313,0.0609997871666213
1981-11-01,0.037606717803514426,-0.02240351958947351,-0.060010237392987935,0.03613460085687489
1981-12-01,-0.013048447430057827,-0.05906366633551574,-0.046015218905457914,-0.011638159879596894
1982-01-01,-0.05777565544289927,0.042636218665198955,0.10041187410809822,-0.05382027885907914
1982-02-01,0.019680157463545414,0.06877710630668332,0.04909694884313791,0.019228106247680034
1982-03-01,0.05799033988775584,0.040843709763752845,-0.017146630124003,0.05535834430501082
1982-04-01,0.049016851198742876,-0.010349595259509958,-0.059366446458252835,0.046895469371428834
1982-05-01,0.0012699352043052115,-0.007698021422945289,-0.0089679566272505,0.001865471281620416
1982-06-01,-0.0015009681805766006,0.172662855728263,0.1741638239088396,-0.0007477608304348911
1982-07-01,0.1440213874153184,0.2709715006993143,0.1269501132839959,0.13649401192135827
1982-08-01,0.27055206590733366,0.3144763971976374,0.043924331290303764,0.2558247810847817
1982-09-01,0.3006430582625882,0.18706050393565543,-0.11358255432693276,0.284203521366885
1982-10-01,0.2022850090072631,0.13224508385188694,-0.07003992515537615,0.1914422889848702
1982-11-01,0.14579726585891611,0.10601432430953084,-0.039782941549385276,0.13816883847837094
1982-12-01,0.11114460076426848,0.13254407300703108,0.021399472242762604,0.10548799594603786
1983-01-01,0.12088981427556539,0.13456342974199198,0.013673615466426592,0.11467868264608769
1983-02-01,0.11717965484489042,0.15881930897259222,0.041639654127701806,0.11117964048605286
1983-03-01,0.1489455170009632,0.13422504642790378,-0.014720470573059405,0.14113794632460613
1983-04-01,0.13829710396388478,0.09563072068205636,-0.042666383281828424,0.1310954543912006
1983-05-01,0.10057002848946561,0.02398723035772843,-0.07658279813173718,0.0955151430524523
1983-06-01,0.04043524672479465,0.039585710232094895,-0.000849536492699754,0.038802179469429765
1983-07-01,0.028620537566858492,0.038888882054102014,0.010268344487243522,0.027659756556178465
1983-08-01,0.030255618028126704,0.05220189330828173,0.02194627528015503,0.02920179688515318
1983-09-01,0.04410615514294722,0.017318213594973653,-0.026787941547973565,0.04226420409687437
1983-10-01,0.016224997902073157,0.02675798446314337,0.010532986561070212,0.015969553832039112
1983-11-01,0.011046281182757599,-0.014133905060352281,-0.02518018624310988,0.011085518934254194
1983-12-01,-0.012099651493437578,-0.008205175829643196,0.003894475663794382,-0.010743352784231719
1984-01-01,-0.01430898053616754,-0.0182323690880124,-0.003923388551844861,-0.012826965526580945
1984-02-01,-0.02445942770996018,0.03210909943215823,0.05656852714211841,-0.022399827088987013
1984-03-01,0.004743834060739804,0.008828102943376326,0.0040842688826365214,0.0051416966798777785
1984-04-01,0.007593997418079625,-0.005036895351814175,-0.0126308927698938,0.007829678675439659
1984-05-01,0.005589655870673831,0.0888537891086798,0.08326413323800597,0.005939389131681043
1984-06-01,0.05855669684560777,0.12413930113662897,0.0655826042910212,0.05589247414772554
1984-07-01,0.09862407114231769,0.12895228903161415,0.030328217889296454,0.09367991550319807
1984-08-01,0.12925465187632862,0.047034215731928564,-0.08222043614440007,0.1225675402474416
1984-09-01,0.09539296275385609,0.025418775735558397,-0.06997418701829769,0.09063266519330707
1984-10-01,0.06184200997206609,0.0778308910093668,0.015988881037300708,0.05899084481162506
1984-11-01,0.08483240971104652,0.12509230261127846,0.040259892900231936,0.08067303380265486
1984-12-01,0.12022798115404601,0.12696192500847792,0.006733943854431906,0.11405450947014348
1985-01-01,0.12483010532313261,0.08697132043761324,-0.03785878488551937,0.1183947613634212
1985-02-01,0.11747415811422775,0.05540158084834146,-0.06207257726588629,0.11145738578916829
1985-03-01,0.08039777952300554,0.0866509412232821,0.006253161700276552,0.07649074506761372
1985-04-01,0.08997521104101887,0.09930699187937764,0.00933178083835877,0.08552319698579944
1985-05-01,0.09430547528249156,0.050176384800775686,-0.04412909048171587,0.08960705845539879
1985-06-01,0.0713966802855588,0.005345660550076792,-0.06605101973548201,0.06800183069426192
1985-07-01,0.03376070403023827,-0.0018339429896966353,-0.03559464701993491,0.032507434803172544
1985-08-01,0.019808780484709236,0.08183921914094294,0.062030438656233707,0.019349410300029447
1985-09-01,0.045189361270092716,0.16003730785685777,0.11484794658676505,0.04328577310966491
1985-10-01,0.11914171075007086,0.15068542704693022,0.031543716296859356,0.11303005054547252
1985-11-01,0.14133255289790292,0.1421862115157031,0.0008536586178001654,0.13395817875472749
1985-12-01,0.14581707884365902,0.15120174535026076,0.005384666506601743,0.13818752405515733
1986-01-01,0.1471632396629423,0.17319468962448892,0.026031449961546577,0.13945708498612852
1986-02-01,0.15349857434726766,0.11498635976766303,-0.038512214579604645,0.14543192341897518
1986-03-01,0.12952525401549322,0.08263502845464532,-0.046890225560847903,0.12282274445395201
1986-04-01,0.10708411162558093,0.03468890121580048,-0.07239521040978045,0.10165855870699002
1986-05-01,0.0643758428701579,0.05297632263422236,-0.011399520235935538,0.061380496335385476
1986-06-01,0.056739931305126126,-0.003893781481706715,-0.06063371278683284,0.05417908707101783
1986-07-01,0.01531474180832627,0.013559080886942576,-0.0017556609213836942,0.015111093566931438
1986-08-01,-0.005107164375797599,0.025953492944160494,0.031060657319958093,-0.004148755520881357
1986-09-01,0.019713662978941948,0.06951678073792422,0.049803117758982274,0.01925970521617634
1986-10-01,0.0509614384575628,0.1412294404214116,0.09026800196384882,0.04872940479377795
1986-11-01,0.09961640221370956,0.17265219949325306,0.07303579727954349,0.09461578047622457
1986-12-01,0.13488446350585276,0.20236241390969179,0.067477950403839,0.12787700163659155
1987-01-01,0.16454743623702683,0.11698227643117187,-0.04756515980585495,0.15585207767246398
1987-02-01,0.1503000076158122,0.05085288445363689,-0.0994471231621753,0.1424153630651223
1987-03-01,0.09298241338325468,0.051964353054383405,-0.04101806032887127,0.0883592820586515
1987-04-01,0.08407392599381286,0.09386291362726751,0.009788987633454642,0.0799577096895297
1987-05-01,0.10088264165483751,0.1618020058114773,0.06091936415663979,0.09580996775361594
1987-06-01,0.12868665818784475,0.0778194052450154,-0.05086725294282936,0.12203186680812603
1987-07-01,0.1176265453342034,-0.07830435722281948,-0.1959309025570229,0.11160110179849578
1987-08-01,0.012905735528084258,-0.23964955607481875,-0.252555291602903,0.012839165716967861
1987-09-01,-0.12744816886807342,-0.22527566627376827,-0.09782749740569485,-0.1195282535231021
1987-10-01,-0.13959552482625698,-0.0832048336559359,0.056390691170321056,-0.1309843948088964
1987-11-01,-0.15881486704622855,0.07996353316919591,0.23877840021542446,-0.14911010880377545
1987-12-01,-0.0343629117987001,0.12937671959070807,0.16373963138940817,-0.03173977837820449
1988-01-01,0.04406764620644674,0.07353700010241382,0.029469353895967085,0.042227886414340506
1988-02-01,0.06061799761126512,0.016306306761276756,-0.044311690849988365,0.057836481788991506
1988-03-01,0.03573684835114026,0.04351240480420859,0.007775556453068339,0.03437113161252812
1988-04-01,0.03841481260515665,0.049527361996112074,0.01111254939095543,0.036896713060699166
1988-05-01,0.04665247523861222,0.054439142033094745,0.007786666794482528,0.04466563226570507
1988-06-01,0.04958969714467507,0.013990734546913908,-0.035598962597761165,0.04743571896271315
1988-07-01,0.029300003681711557,0.05564197401113624,0.026341970329424685,0.02830055936441612
1988-08-01,0.04741952014849592,0.05231120296580882,0.004891682817312903,0.04538903041839171
1988-09-01,0.04997790675883502,0.05638409893544383,0.006406192176608806,0.04780183848729362
1988-10-01,0.04926409478543333,0.053367859602966305,0.004103764817532975,0.04712864418501649
1988-11-01,0.05870946470167239,0.11017157036539915,0.05146210566372676,0.056036549134004764
1988-12-01,0.08976373114306763,0.08289837865967598,-0.006865352483391651,0.08532375081838861
1989-01-01,0.09168483093037975,0.08316273136532448,-0.008522099565055272,0.08713553526459399
1989-02-01,0.07811144772162824,0.09139938049019491,0.013287932768566671,0.0743345112145062
1989-03-01,0.08975111395211921,0.12981799338755162,0.04006687943543241,0.08531185157688845
1989-04-01,0.1217427426570626,0.12108900080405705,-0.0006537418530055544,0.11548307728791203
1989-05-01,0.12136636717823043,0.12692922674596008,0.005562859567729644,0.11512811850701742
1989-06-01,0.12188790081185417,0.09469474092265395,-0.027193159889200222,0.11561997558378828
1989-07-01,0.1053135403531557,0.06781224945392195,-0.03750129089923375,0.09998873732995144
1989-08-01,0.07971000446475027,0.0016238000764807747,-0.07808620438826949,0.07584210611545478
1989-09-01,0.03477468229697962,0.024409017357688967,-0.01036566493929066,0.033463715192460705
1989-10-01,0.03527334150780175,-0.0009763779201115153,-0.03624971942791327,0.033933999457802615
1989-11-01,0.01838311462426158,-0.008120656592370379,-0.026503771216631958,0.018004868361862342
1989-12-01,0.007023398416064225,-0.00833699790466258,-0.015360396320726805,0.007291548171392166
1990-01-01,-0.008494766837522677,0.01613591162816208,0.024630678465684758,-0.007343595003252979
1990-02-01,0.037431385379365294,0.0824246686720096,0.0449932832926443,0.03596924528238215
1990-03-01,0.0391913548604048,0.08708696920720205,0.04789561434679725,0.03762906813625113
1990-04-01,0.08436106544237518,0.08653204423203675,0.0021709787896615693,0.08022851019153021
1990-05-01,0.10593608586513084,-0.03582996551977258,-0.14176605138490342,0.10057585845874487
1990-06-01,0.018371326524694493,-0.10560935386080472,-0.12398068038549923,0.017993751034388248
1990-07-01,-0.08759346695195384,-0.1272807112922929,-0.03968724434033907,-0.08194138296246069
1990-08-01,-0.2003731856455792,-0.02438195649826891,0.1759912291473103,-0.18830365603439486
1990-09-01,-0.057063871749374176,0.06651938786949518,0.12358325961886936,-0.05314899742252467
1990-10-01,0.05419874317757217,0.0840215842691161,0.029822841091543928,0.05178249884858836
1990-11-01,0.1213033687710495,0.17405725955847706,0.05275389078742755,0.11506870486540444
1990-12-01,0.19202595810859396,0.15607652888809742,-0.03594942922049653,0.18176700351880712
1991-01-01,0.13369515146593552,0.18958211520662993,0.05588696374069438,0.12675536440054685
1991-02-01,0.1591084244558392,0.06375885077065302,-0.09534957368518618,0.15072255914720767
1991-03-01,0.08206875735221864,0.03581528217700747,-0.04625347517521117,0.07806664011529268
1991-04-01,0.04248733695714095,0.020812189372716894,-0.021675147584424057,0.04073750067956684
1991-05-01,0.03302793041635123,0.049912681843455875,0.016884751427104647,0.031816357824767494
1991-06-01,0.036221959157078085,0.04301235788948343,0.006790398732405348,0.03482863841081579
1991-07-01,0.02076791393243678,0.03669513204249153,0.01592721811005475,0.020253966676488905
1991-08-01,0.020980777811098847,0.009766407348793527,-0.01121437046230532,0.020454718072676646
1991-09-01,0.015116963206849007,0.02222416916842751,0.007107205961578503,0.014924569058253985
1991-10-01,0.036900036860044186,0.09515362297089291,0.05825358611084873,0.0354681318112453
1991-11-01,0.09555276590412952,0.08814531655103819,-0.0074074493530913305,0.09078337514811119
1991-12-01,0.14116935372305978,0.06696234698429415,-0.07420700673876564,0.1338042660175718
1992-01-01,0.08668386269167508,-0.0035127335827859207,-0.090196596274461,0.08241913451816046
1992-02-01,0.019647844650666144,0.023184041670877953,0.0035361970202118093,0.01919763211397055
1992-03-01,0.046245228361893695,0.01985586399762651,-0.026389364364267184,0.04428155874600692
1992-04-01,0.026943630392419544,0.036522339791319025,0.00957870939889948,0.026078269557718324
1992-05-01,0.03119867239678261,0.025023728040835413,-0.006174944355947197,0.03009118912200693
1992-06-01,0.02853822906323758,0.04265837639887482,0.01412014733563724,0.02758213161049074
1992-07-01,0.04585859896921762,0.010972820258300375,-0.03488577871091725,0.04391692952438985
1992-08-01,0.020505423624771993,0.029068560456281256,0.008563136831509263,0.020006412718153344
1992-09-01,0.016398057132613594,0.058561803488713204,0.04216374635609961,0.01613276556327569
1992-10-01,0.06599851723669753,0.07255692602553698,0.006558408788839454,0.06291083650718154
1992-11-01,0.06784965159309547,0.06161645170302532,-0.006233199890070151,0.06465663672896527
1992-12-01,0.0601418547729535,0.04995124605829049,-0.010190608714663013,0.05738743265873677
1993-01-01,0.055653559757146955,0.03429424129924996,-0.021359318457896993,0.05315453275768745
1993-02-01,0.04564917658131868,0.024076520240185806,-0.021572656341132875,0.04371942378960792
1993-03-01,0.03298525602128818,0.011184506838417319,-0.02180074918287086,0.031776111708591175
1993-04-01,0.021405699926217995,0.02552235781568779,0.004116657889469796,0.020855461065886125
1993-05-01,0.02386485155530807,0.036007328308398145,0.012142476753090076,0.023174680870017048
1993-06-01,0.03699091908112823,0.04093648077354595,0.003945561692417714,0.03555384260861469
1993-07-01,0.054912310655661364,0.05307301571497258,-0.0018392949406887786,0.052455462567942486
1993-08-01,0.05568814793686301,0.03483383521708383,-0.02085431271977918,0.05318715278421912
1993-09-01,0.04671301856690129,0.030008591762966663,-0.01670442680393463,0.0447227305285023
1993-10-01,0.038476207029536025,0.034984548010605465,-0.0034916590189305596,0.03695461399010894
1993-11-01,0.037537182676829955,0.034066841368215695,-0.0034703413086142627,0.03606902245130539
1993-12-01,0.030216650017821332,0.010376918594901419,-0.019839731422919914,0.029165046251252155
1994-01-01,0.013668339491201588,-0.03995964633384019,-0.05362798582504178,0.013558375623770097
1994-02-01,-0.032254711654132504,-0.028943480385892117,0.003311231268240386,-0.029751540048971414
1994-03-01,-0.03163659463996607,-0.003947296235664588,0.027689298404301482,-0.02916859542548128
1994-04-01,-0.009159389829848832,0.025152063771222366,0.0343114536010712,-0.007970399299437806
1994-05-01,0.010477203595056356,0.04556408689019942,0.03508688329514306,0.01054882327227416
1994-06-01,0.03309497678789168,0.04244677570648059,0.00935179891858891,0.03187958909153134
1994-07-01,0.03938973181886837,0.04315712363711888,0.0037673918182505074,0.037816156953918795
1994-08-01,0.040792021554545844,0.00827124337432772,-0.032520778180218125,0.03913865292677431
1994-09-01,0.011132753676617549,-0.010040879057999441,-0.02117363273461699,0.011167070928812086
1994-10-01,-0.011193891883132481,0.018732030336501948,0.02992592221963443,-0.009889133141509337
1994-11-01,0.0205995665751689,0.06139810849112193,0.04079854191595303,0.020095198701252974
1994-12-01,0.04277192981021524,0.09951768360156077,0.05674575379134553,0.04100589949367667
1995-01-01,0.09265420507288101,0.10743702510117736,0.014782820028296353,0.08804974961490357
1995-02-01,0.10193858832333447,0.10217239415341206,0.00023380583007758665,0.09680582843854263
1995-03-01,0.10757199847178946,0.10860962963157417,0.0010376311597847104,0.10211868358197403
1995-04-01,0.11311545550396412,0.11194971843000023,-0.0011657370739638906,0.10734670416447281
1995-05-01,0.10811859459481125,0.08130378630315804,-0.02681480829165321,0.10263417703035582
1995-06-01,0.08530062111772649,0.0868029939003383,0.0015023727826118036,0.08111460281940311
1995-07-01,0.07643088044002916,0.059042109176237645,-0.017388771263791514,0.07274957237805825
1995-08-01,0.058223271088302345,0.07835036840890042,0.020127097320598072,0.0555780211427125
1995-09-01,0.07620614951891042,0.07482314019257075,-0.0013830093263396612,0.07253762920355297
1995-10-01,0.06427681688547823,0.06674060971073148,0.002463792825253247,0.061287105174760846
1995-11-01,0.06451939550408216,0.10351212959295109,0.03899273408886893,0.0615158804685125
1995-12-01,0.10274169119320065,0.06507872962293582,-0.03766296157026484,0.097563232763886
1996-01-01,0.0628087100071624,0.06531639546907031,0.0025076854619079034,0.059902537217871275
1996-02-01,0.06292884969859103,0.0295572628780707,-0.03337158682052033,0.06001584066298114
1996-03-01,0.028361812073389975,0.044744905756373576,0.0163830936829836,0.027415753184776858
1996-04-01,0.04254248558860826,0.006476375212154606,-0.03606611037645365,0.040789511217167174
1996-05-01,0.019064957490966178,0.01359667793075836,-0.005468279560207817,0.01864791267887822
1996-06-01,0.007324847637320622,0.021070744656132234,0.013745897018811612,0.007575844184540557
1996-07-01,0.029442966861798713,0.10125310940484611,0.07181014254304739,0.02843538758509089
1996-08-01,0.0919770556801777,0.12215097095588723,0.03017391527570954,0.08741113170158123
1996-09-01,0.1295258585799154,0.11288005444561544,-0.01664580413429996,0.12282331461715959
1996-10-01,0.1109579820337303,0.10349980013375393,-0.007458181899976379,0.10531199628397307
1996-11-01,0.0995055225916531,0.09608741646841068,-0.0034181061232424273,0.09451121017958002
1996-12-01,0.11008228959339368,0.07622275210468255,-0.033859537488711136,0.10448613291469888
1997-01-01,0.08244359047510696,0.0067742229430283185,-0.07566936753207865,0.07842014430412081
1997-02-01,0.011491754380602986,0.05355611355646106,0.042064359175858074,0.011505643602628074
1997-03-01,0.05873360142883096,0.11657485884913288,0.05784125742030192,0.05605931242154299
1997-04-01,0.09550897985505166,0.22189024795127632,0.12638126809622463,0.09074208063378976
1997-05-01,0.21716131754218704,0.12248162930782325,-0.09467968823436378,0.2054720986795752
1997-06-01,0.12832887042734686,0.07821275251659654,-0.05011611791075031,0.12169443805830575
1997-07-01,0.08387094635968866,0.03645740439060852,-0.04741354196908014,0.07976628009985845
1997-08-01,0.038002559001057486,0.020951782662874896,-0.01705077633818259,0.0365079177088221
1997-09-01,0.024683358258501355,0.03548248933121956,0.010799131072718203,0.023946612512378677
1997-10-01,0.037283466554949136,0.02113228094402908,-0.016151185610920056,0.03582974340582781
1997-11-01,0.028831067049667407,0.09904970968928839,0.07021864263962098,0.02785830638942504
1997-12-01,0.09820715424934474,0.12756151345943678,0.029354359210092038,0.09328672221514638
1998-01-01,0.12796830730404307,0.1630002169202216,0.03503190961617851,0.12135439187070451
1998-02-01,0.15772793248378203,0.09050170520064249,-0.06722622728313955,0.14942062059117672
1998-03-01,0.09106570414386571,0.03667424215595294,-0.05439146198791277,0.08655163832730646
1998-04-01,0.030006670310797002,0.04727980893590389,0.017273138625106887,0.0289670149101849
1998-05-01,0.03376892349772692,-0.023517041984483122,-0.057285965482210044,0.032515186562581594
1998-06-01,-0.026714581938750218,-0.07233217467416231,-0.04561759273541209,-0.024526657450689722
1998-07-01,-0.06691068878478801,-0.10042149740619111,-0.03351080862140311,-0.062435506154251606
1998-08-01,-0.12297657419538895,0.07302178371186652,0.19599835790725545,-0.11531110367424409
1998-09-01,0.07935764075924051,0.17437559306180983,0.0950179523025693,0.07550979277844531
1998-10-01,0.1053636817245841,0.21767134482367,0.1123076630990859,0.10003602553302415
1998-11-01,0.19447475741933867,0.0964293301268222,-0.09804542729251649,0.18407646007717424
1998-12-01,0.08105829668590592,0.08391551006975062,0.0028572133838446964,0.07711367716624716
1999-01-01,0.09484027450432969,0.07559134304323378,-0.01924893146109591,0.09011142627552371
1999-02-01,0.0775377173774371,0.07514913229726483,-0.0023885850801722702,0.07379342754941666
1999-03-01,0.051082726518975545,0.038165094670868704,-0.01291763184810684,0.04884379126377255
1999-04-01,0.05580376894552657,0.04084493483490492,-0.014958834110621648,0.053296194670816956
1999-05-01,0.04168203368790249,0.0025542859631337844,-0.03912774772476871,0.03997802116303119
1999-06-01,0.018971844999844778,0.0026909334387030803,-0.016280911561141698,0.01856009851936638
1999-07-01,-0.024767169845712908,-0.05285567854134876,-0.028088508695635853,-0.02269005793419413
1999-08-01,-0.028702387532128976,0.05417968970701992,0.0828820772391489,-0.026401351977204977
1999-09-01,0.07025178055004798,0.09022079746393907,0.019969016913891094,0.06692207859238627
1999-10-01,0.047520001251482744,0.10285866713382075,0.055338665882338,0.045483793897483964
1999-11-01,0.14191185379086463,0.004161148235169554,-0.13775070555569507,0.1345045159905508
1999-12-01,0.018208439664730534,0.015183311940774935,-0.0030251277239555993,0.017840132840620793
2000-01-01,0.014029359605578669,0.030820748288074018,0.01679138868249535,0.013898852798519483
2000-02-01,0.012570108791622264,0.02696555899607067,0.014395450204448407,0.012522636973969405
2000-03-01,0.04481929606230832,0.019253447013058755,-0.025565849049249564,0.04293676552974965
2000-04-01,-0.005117345121009219,0.013445768069994868,0.018563113191004087,-0.004158356956448116
2000-05-01,0.032806231132955874,0.052783057519247834,0.01997682638629196,0.03160727378028245
2000-06-01,0.038882685999735295,0.009441896074157352,-0.029440789925577943,0.03733796329907274
2000-07-01,-0.026294034506764638,-0.051233849556048816,-0.024939815049284178,-0.024130040210296844
2000-08-01,-0.04313252282000164,-0.06728569251522198,-0.024153169695220342,-0.040010376788865716
2000-09-01,-0.06158322217542249,-0.08833704999971803,-0.026753827824295556,-0.05741118560397367
2000-10-01,-0.07705691383108507,-0.03379997147332636,0.043256942357758704,-0.07200438583868501
2000-11-01,-0.03790348479629159,-0.04706762602714376,-0.009164141230852171,-0.03507888399367388
2000-12-01,-0.0645194984685734,-0.10378750474867648,-0.0392680062801031,-0.060180380495789054
2001-01-01,-0.0938960422995468,-0.10378384754376202,-0.009887805244215231,-0.08788532614605911
2001-02-01,-0.09913399313820721,-0.021232569357773845,0.07790142378043337,-0.09282522459493205
2001-03-01,-0.014794769259094717,0.05072058764131415,0.06551535690040887,-0.013285111666700438
2001-04-01,0.13518887633504106,0.01817986987680742,-0.11700900645823366,0.1281640926210325
2001-05-01,0.00216329753202861,-0.06677719265266702,-0.06894049018469563,0.0027079990778780395
2001-06-01,-0.11686871966313615,-0.15132805486254264,-0.0344593351994065,-0.10955080120879875
2001-07-01,-0.09899833874306167,-0.10027889469562723,-0.0012805559525655708,-0.09269728927121418
2001-08-01,-0.1358873364998448,-0.03503431571603788,0.10085302078380691,-0.12748721159240461
2001-09-01,-0.04470141567629958,0.10311176713088055,0.14781318280718014,-0.041489995751699676
2001-10-01,0.09465675339519204,0.06583674390099081,-0.02882000949420123,0.08993834797252147
2001-11-01,0.04114877207751415,-0.01942759037264652,-0.06057636245016067,0.03947510346045218
2001-12-01,-0.04288113953401784,0.014162545008326699,0.05704368454234454,-0.03977329783513855
2002-01-01,-0.06414003320651554,-0.018552198408307574,0.045587834798207966,-0.059822507747995156
2002-02-01,-0.041959017471352944,-0.013130154327670063,0.02882886314368288,-0.038903646804164985
2002-03-01,-0.06001105582776323,-0.11518609112783418,-0.055175035300070965,-0.055928479419553194
2002-04-01,-0.11546715969109718,-0.18144486634930268,-0.06597770665820551,-0.10822899347422131
2002-05-01,-0.21175964781950296,-0.14796953856806083,0.06379010925144213,-0.19904220027882719
2002-06-01,-0.12551386708060042,-0.13732466471394045,-0.011810797633340059,-0.1177040183032783
2002-07-01,-0.14664508054296427,-0.04648266688565672,0.10016241365730753,-0.13763281332653024
2002-08-01,-0.06688678266457096,0.005263263002451168,0.07215004566702213,-0.06241296035154816
2002-09-01,0.032132602944919916,0.04455038505460007,0.012417782109680158,0.03097197670635135
2002-10-01,0.0908125600601572,0.056618910537560296,-0.03419364952259691,0.08631289876961087
2002-11-01,0.09873618513813198,-0.07252846224908793,-0.17126464738721991,0.0937856499346731
2002-12-01,-0.023479115626494115,-0.050541895239315404,-0.02706277961282129,-0.021475297193673238
2003-01-01,-0.032481776925786604,0.0018511158575758024,0.034332892783362406,-0.029965684743678753
2003-02-01,0.0176378047258655,0.1272311843976215,0.10959337967175599,0.01730196844461951
2003-03-01,0.09736726587690915,0.17593907119908359,0.07857180532217442,0.09249462557353642
2003-04-01,0.16412683643980294,0.12344295639712866,-0.040683880042674286,0.1554554110465447
2003-05-01,0.12337434636853807,0.06495212648375115,-0.05842221988478692,0.11702183870277753
2003-06-01,0.10485106282668451,0.03931877163902597,-0.06553229118765853,0.09955257592141138
2003-07-01,0.04946670369079147,0.05409432876945086,0.004627625078659388,0.04731972414130766
2003-08-01,0.04304101525175533,0.06862254546588376,0.02558153021412843,0.04125967330641793
2003-09-01,0.052330933391385975,0.06762371735594175,0.01529278396455577,0.050020972070316694
2003-10-01,0.08049060262583037,0.09798729046912125,0.01749668784329088,0.07657828630574058
2003-11-01,0.08639028659587675,0.09656266248872303,0.010172375892846287,0.08214226363011082
2003-12-01,0.09190105977813193,0.047261665605009995,-0.044639394173121925,0.08733946015478744
2004-01-01,0.03151815421065297,0.00766942539622173,-0.023848728814431237,0.030392491628539218
2004-02-01,0.02729513266555774,-0.028693873438756068,-0.05598900610431381,0.02640977047999402
2004-03-01,-0.026500738787195402,0.014942392101265023,0.041443130888460425,-0.024324982504664857
2004-04-01,0.0030669162877480297,-0.01725701857608486,-0.02032393486383289,0.003560199685948742
2004-05-01,0.01800171579676485,-0.005350874623517021,-0.02335259042028187,0.01764517207329716
2004-06-01,-0.0047414402948220274,-0.006036829808207855,-0.0012953895133858279,-0.0038038420468960326
2004-07-01,-0.01544477430158498,0.01775648176029443,0.03320125606187941,-0.013898129810639037
2004-08-01,0.034775142279025964,0.08126306001663064,0.046487917737604675,0.033464149000388126
2004-09-01,0.0579539378116532,0.08060964730074227,0.02265570948908907,0.055324013597294365
2004-10-01,0.07583816244581032,0.06491763243136206,-0.010920530014448253,0.07219058150730592
2004-11-01,0.059163520324285485,0.033491153436120635,-0.02567236688816485,0.05646476786589765
2004-12-01,0.02034842363117948,0.003497265213885381,-0.0168511584172941,0.0198583464134648
2005-01-01,-0.004800149703644688,-0.007281505465304594,-0.0024813557616599063,-0.0038592107447915397
2005-02-01,-0.02695744341518018,-0.010634886278703792,0.016322557136476387,-0.024755699506955792
2005-03-01,-0.023117607957604314,0.013540713882106648,0.03665832183971096,-0.02113436020747176
2005-04-01,0.002914795139268525,0.057300825767638175,0.05438603062836965,0.00341673460798958
2005-05-01,0.04771489531182205,0.04655697243522394,-0.0011579228765981088,0.045667598002566194
2005-06-01,0.04953187166804357,0.027034280222112184,-0.022497591445931386,0.04738118389907548
2005-07-01,0.024531221942624123,-0.017666319629879856,-0.04219754157250398,0.023803133130084326
2005-08-01,-0.01004608150450656,0.01810279949947846,0.02814888100398502,-0.00880663601932853
2005-09-01,0.03276787484685949,0.03706652937297594,0.0042986545261164515,0.0315711000619662
2005-10-01,0.041599842202218185,0.08060236179340041,0.03900251959118223,0.03990050657666933
2005-11-01,0.12120160079549736,0.039230132905588855,-0.0819714678899085,0.11497272773998653
2005-12-01,0.03701213774633774,0.032493565840084226,-0.004518571906253519,0.03557385387916384
2006-01-01,0.04923084025609974,0.02566210960716253,-0.023568730648937202,0.04709728192085384
2006-02-01,0.0293430173310459,0.01773479359575081,-0.011608223735295093,0.028341125430454542
2006-03-01,0.026122539511289625,-0.024282572717967188,-0.05040511222925681,0.02530390078355191
2006-04-01,-0.02093822932248865,-0.025008803900187004,-0.004070574577698355,-0.019078993620284007
2006-05-01,-0.02486073592652066,0.005254169402761466,0.030114905329282127,-0.02277829987301453
2006-06-01,-5.327455495099387e-05,0.059340241136281335,0.05939351569123233,0.0006175554384555067
2006-07-01,0.05246541729835645,0.08977220104033168,0.03730678374197523,0.05014780350953878
2006-08-01,0.08564751742714782,0.086669106609782,0.001021589182634168,0.08144175986871754
2006-09-01,0.08413274650700481,0.08258693786501348,-0.001545808641991324,0.08001318316968041
2006-10-01,0.08345406613080246,0.05202092936467295,-0.03143313676612951,0.07937312138961607
2006-11-01,0.05598578384258578,0.047797295229111914,-0.00818848861347387,0.053467852468942555
2006-12-01,0.04689523355728767,0.0003678037367633724,-0.046527429820524296,0.04489457703414863
2007-01-01,0.001838509570561711,0.034963533641638955,0.033125024071077244,0.0024016923567036076
2007-02-01,0.037799593568536675,0.05318834152248564,0.015388747953948963,0.0363165015126478
2007-03-01,0.04444009686921774,0.08354966576259781,0.039109568893380076,0.04257914371093909
2007-04-01,0.07599940297769929,0.04602278511136304,-0.02997661786633625,0.07234264705314779
2007-05-01,0.04358969607026457,-0.030737302427462754,-0.07432699849772732,0.0417771328259451
2007-06-01,-0.04303043628944089,-0.004333631306318586,0.03869680498312231,-0.039914099235009014
2007-07-01,-0.004026178134858324,0.01960006886999932,0.023626247004857645,-0.0031292800772678804
2007-08-01,0.014371019836479846,0.013150735486076703,-0.0012202843504031426,0.01422107171516398
2007-09-01,0.007237113542524418,-0.004886129202502976,-0.012123242745027393,0.0074931023772677186
2007-10-01,-0.01950322101491296,-0.09782020064333286,-0.07831697962841991,-0.017725640843394286
2007-11-01,-0.10481707806228506,-0.0670281371056608,0.03778894095662426,-0.09818492789608885
2007-12-01,-0.06073674362730759,-0.1025754006820343,-0.041838657054726724,-0.05661287378402036
2008-01-01,-0.13096424179281474,0.001966695725595713,0.13293093751841045,-0.12284425318061241
2008-02-01,-0.010206470599117792,0.04388693237294028,0.05409340297205807,-0.008957898576784832
2008-03-01,0.03829674195023204,0.026445766940397686,-0.011850975009834359,0.03678536091878623
2008-04-01,0.01258357293539776,-0.07517666243903265,-0.08776023537443041,0.012535334974580842
2008-05-01,-0.08986296595234071,-0.07920555514139915,0.010657410810941556,-0.08408174184268968
2008-06-01,-0.11197449977487174,-0.08490386268385886,0.027070637091012872,-0.1049350745669917
2008-07-01,-0.11329113319972352,-0.2221899745035264,-0.1088988413038029,-0.10617678828548528
2008-08-01,-0.24161745036249793,-0.3034658059853599,-0.06184835562286195,-0.22720101982716345
2008-09-01,-0.34033269414037753,-0.2701915486197699,0.07014114552060763,-0.320299121477765
2008-10-01,-0.3255787694213041,-0.0953688443996411,0.230209925021663,-0.30638473165634805
2008-11-01,0.15770561058605337,-0.07647134225982632,-0.2341769528458797,0.14939956886477412
2008-12-01,-0.1484438606621149,-0.1258523598589878,0.022591500803127107,-0.13932923839697403
2009-01-01,-0.1721501552080822,-0.007362786008698996,0.1647873691993832,-0.16168658600547092
2009-02-01,0.02695600389456883,0.13449086939010413,0.1075348654955353,0.026089938976916235
2009-03-01,0.1952768955350363,0.23688991165260753,0.04161301611757123,0.18483295454525328
2009-04-01,0.21222069221054823,0.11500952009093934,-0.09721117211960888,0.20081260717918023
2009-05-01,0.12857439844388907,0.1300237324090454,0.001449333965156327,0.12192599492194021
2009-06-01,0.1341441116338557,0.1383819560788082,0.004237844444952524,0.12717877762175261
2009-07-01,0.1805039981124263,0.15079818001211653,-0.02970581810030974,0.17090067161417224
2009-08-01,0.1438761598845847,0.08651245192957524,-0.057363707955009446,0.136357048197203
2009-09-01,0.02811202226114571,0.0714671933801243,0.043355171118978596,0.02718017703218256
2009-10-01,0.03999813266085679,0.060448145278433785,0.020450012617576993,0.038389938279518296
2009-11-01,0.04847073472574145,0.008575264795121385,-0.03989546993062006,0.046380428279792
2009-12-01,0.02709422380047434,0.04520474248523554,0.018110518684761198,0.026220293827470847
2010-01-01,0.08813376963392405,0.07330338665541025,-0.0148303829785138,0.08378653816047063
2010-02-01,0.0881198468178755,0.040290287276130377,-0.04782955954174513,0.08377340758717572
2010-03-01,0.04957688020768657,-0.05279851494539445,-0.10237539515308103,0.04742363134121783
2010-04-01,-0.037681246119110307,-0.09136114594181133,-0.053679899822701035,-0.034869291248246705
2010-05-01,-0.0877174953171403,-0.02619415233136424,0.06152334298577607,-0.08205835380614993
2010-06-01,0.011869212254612085,0.04359601342815678,0.03172680117354469,0.011861623187730343
2010-07-01,0.035324628855623555,0.09303851326615353,0.05771388441052998,0.0339823684283706
2010-08-01,0.07877353537967458,0.11059573751686003,0.03182220213718545,0.07495892444321786
2010-09-01,0.09413190215700701,0.11419580819299191,0.02006390603598491,0.08944336207111458
2010-10-01,0.10238311806844888,0.10224650637236565,-0.00013661169608322754,0.09722506333898513
2010-11-01,0.09424412535050641,0.10926513799490634,0.015021012644399923,0.08954919948665571
2010-12-01,0.09673385491647568,0.05759377969115853,-0.03914007522531714,0.09189725726724192
2011-01-01,0.05729856916209192,0.04485915305385424,-0.012439416108237678,0.05470593704882571
2011-02-01,0.03517156720455153,0.019594510958287348,-0.015577056246264182,0.033838016364748334
2011-03-01,0.007189560721402796,-0.006681476760226235,-0.013871037481629031,0.0074482554295712215
2011-04-01,-0.018233662203452294,0.0018937026956560299,0.020127364899108324,-0.016528323076072243
2011-05-01,-0.0070127618255275,-0.1080946321833457,-0.10108187035781821,-0.005945919750949696
2011-06-01,-0.11282443636015389,-0.0814190291765654,0.031405407183588474,-0.10573664765322353
2011-07-01,-0.09141084037597853,-0.08206386113031872,0.009346979245659803,-0.08554153837379537
2011-08-01,-0.0828441001528928,0.04261402525145086,0.12545812540434365,-0.07746226690993004
2011-09-01,0.029413835778532613,0.0672630284521738,0.03784919267364119,0.02840791413269075
2011-10-01,0.06586985580040035,0.08549607794160297,0.01962622214120262,0.06278949622561511
2011-11-01,0.09349349154172294,0.11097116249648553,0.01747767095476259,0.08884127860272673
2011-12-01,0.10563066378920864,0.12539225326420755,0.01976158947499891,0.10028781565621152
2012-01-01,0.1230078997919874,0.07355449704625583,-0.04945340274573157,0.11667624384500669
2012-02-01,0.08376461633660857,-0.001195264405523755,-0.08495988074213233,0.07966600051872816
2012-03-01,0.0244289593668482,-0.04032147848785017,-0.06475043785469838,0.023706689548421686
2012-04-01,-0.03338108095383223,-0.011853921411542734,0.021527159542289495,-0.030813816142778314
2012-05-01,-0.014353930572393266,0.054202213627714935,0.0685561442001082,-0.012869357794295514
2012-06-01,0.035911156408216655,0.09866121301301001,0.06275005660479335,0.03453552110897439
2012-07-01,0.09087401421156047,0.06513618853941772,-0.02573782567214275,0.08637085602742879
2012-08-01,0.06524652106340406,0.0010539154600472944,-0.06419260560335677,0.06220163078066105
2012-09-01,0.0038057035457976784,-0.00708583610142921,-0.010891539647226889,0.004256948117253206
2012-10-01,-0.010718162243299814,0.03755916808315751,0.04827733032645733,-0.009440473697715609
2012-11-01,0.025116556405502317,0.09269519385433922,0.06757863744883691,0.024355160610736157
2012-12-01,0.0857661844297597,0.0984407519283148,0.012674567498555118,0.08155367442465575
2013-01-01,0.0995993861487941,0.06874291617312056,-0.03085646997567354,0.09459973266759274
2013-02-01,0.0730140473172313,0.09210962550392554,0.019095578186694245,0.0695271655317039
2013-03-01,0.08915450861808219,0.051273208507225165,-0.03788130011085702,0.08474919456559192
2013-04-01,0.05705299037462879,0.06990016656124531,0.012847176186616524,0.05447433230326161
2013-05-01,0.06808649535482975,0.025684642384458112,-0.042401852970371634,0.06488000349342227
2013-06-01,0.0321668666126696,0.04963450467036146,0.01746763805769186,0.03100429068645213
2013-07-01,0.05169531924827877,0.03806627472691004,-0.013629044521368722,0.04942152594790521
2013-08-01,0.041248545461257904,0.07538774295585471,0.034139197494596804,0.03956919949128103
2013-09-01,0.07289519928987989,0.07885116694210548,0.0059559676522255925,0.0694150802517827
2013-10-01,0.0821424738574281,0.0666866370896726,-0.015455836767755499,0.07813616196858172
2013-11-01,0.06983796441080672,0.025707073489065646,-0.044130890921741085,0.06653180961749088
2013-12-01,0.03178954257389362,0.037817761406717,0.0060282188328233816,0.030648437321026383
2014-01-01,0.040936972189890966,0.029917558185875714,-0.011019414004015252,0.039275355511575134
2014-02-01,0.028673530324705127,0.04702018442668243,0.018346654101977306,0.027709733894712447
2014-03-01,0.0469944307707419,0.05182193202593233,0.004827501255190429,0.04498812968020599
2014-04-01,0.050266591764823135,0.06537630972779174,0.015109717962968602,0.04807409660067032
2014-05-01,0.06743279429679269,0.044815311806696734,-0.022617482490095958,0.06426349964638545
2014-06-01,0.0491496693904075,0.030461349815911642,-0.018688319574495856,0.04702072987867597
2014-07-01,0.032694487564969454,-0.0115626906195746,-0.044257178184544055,0.03150188869837343
2014-08-01,-0.008534447150625048,0.049318092571480454,0.0578525397221055,-0.007381017408155757
2014-09-01,0.047577423883291343,0.03754690184809517,-0.010030522035196172,0.04553794903916797
2014-10-01,0.03879077547590179,0.05395399327122141,0.015163217795319626,0.037251282711929935
2014-11-01,0.056839110553632916,0.02528316668108377,-0.03155594387254915,0.054272622774377804
2014-12-01,0.029002758250877454,0.019395561681023965,-0.00960719656985349,0.028020227935592043
2015-01-01,0.021646432639318113,0.039856330200296775,0.018209897560978662,0.02108249549073391
2015-02-01,0.04344826584128858,0.02113483613639655,-0.02231342970489203,0.041643750327662446
2015-03-01,0.02325340091300747,0.01610309419918532,-0.007150306713822149,0.022598023285304858
2015-04-01,0.017039728514645254,0.006444525462825812,-0.010595203051819442,0.016737924252698405
2015-05-01,0.006740093933642291,-0.027449762913599685,-0.034189856847241976,0.007024364416450171
2015-06-01,-0.028418827236280364,-0.06716002962526568,-0.03874120238898532,-0.02613392696525455
2015-07-01,-0.06826354556102837,-0.026071008308444554,0.04219253725258382,-0.06371138202562694
2015-08-01,-0.035704456506314916,0.0274086223996981,0.06311307890601302,-0.03300498586570641
2015-09-01,0.023446626507909008,0.06402594303354747,0.04057931652563847,0.02278025386476955
2015-10-01,0.06297174140379799,-0.04543754716206194,-0.10840928856585993,0.06005629172381538
2015-11-01,-0.0395167791605078,-0.07767027667955895,-0.038153497519051144,-0.03660037790853568
2015-12-01,-0.07551251268859045,-0.008047825725857494,0.06746468696273296,-0.07054786495041378
2016-01-01,-0.018414540474664384,0.08993683960278043,0.10835138007744481,-0.016698908925179588
2016-02-01,0.08023097602049747,0.092542483803701,0.012311507783203522,0.07633343309797391
2016-03-01,0.0894758587742884,0.03809963135630934,-0.05137622741797907,0.08505225910114876
2016-04-01,0.041060695194486685,0.04277723027931524,0.0017165350848285556,0.03939203837044836
2016-05-01,0.04790264894036339,0.05847347063578301,0.010570821695419622,0.04584466798412387
2016-06-01,0.05413248824498787,0.0426911884945218,-0.011441299750466063,0.051720013985941754
2016-07-01,0.032301142444453354,0.004299619092207774,-0.028001523352245584,0.031130925890481526
2016-08-01,0.010152581894673517,0.0043251389309826305,-0.005827442963690886,0.010242673351515874
2016-09-01,0.008250035139171094,0.04854012185956358,0.040290086720392485,0.008448386223609525
2016-10-01,0.04465512236254505,0.06898333399065626,0.02432821162811121,0.04278193372055807
2016-11-01,0.07760468386057431,0.08345017624117879,0.005845492380604479,0.07385658347362549
2016-12-01,0.06883146527500478,0.06050765942615155,-0.008323805848853227,0.06558258277804777
2017-01-01,0.05398917157535678,0.04384117001511423,-0.01014800156024255,0.051584852390154555
2017-02-01,0.045540479976653794,0.03482980215398279,-0.010710677822671003,0.04361691229125275
2017-03-01,0.04461461439995066,0.03509167286098003,-0.009522941538970632,0.04274373076147146
2017-04-01,0.03940194030957648,0.04691630105959921,0.007514360750022729,0.037827670751235665
2017-05-01,0.039254930550362846,0.032035269359198315,-0.007219661191164531,0.037689026211819875
2017-06-01,0.03563636973449889,0.030768599870341085,-0.004867769864157809,0.0342763704783021
2017-07-01,0.04442940715568007,0.0485673781560616,0.004137971000381532,0.04256906226860598
2017-08-01,0.04689613647406636,0.06256837025702011,0.01567223378295375,0.044895428572723904
2017-09-01,0.048773406666280175,0.07540021084739013,0.02662680418110995,0.04666587743646393
2017-10-01,0.07659871475487795,0.0976214217700937,0.02102270701521574,0.07290785650426079
2017-11-01,0.08192950951255008,0.04922955169967502,-0.03269995781287506,0.07793531582295482
2017-12-01,0.057692600423501356,0.020463299204200647,-0.03722930121930071,0.05507754695449289
2018-01-01,0.03415664763825063,-0.04303234275396706,-0.07718899039221769,0.03288084823817943
2018-02-01,-0.03929958112093969,0.004731858016047807,0.044031439136987496,-0.03639553897594364
2018-03-01,-0.0028874894564836634,0.025278826648150732,0.028166316104634395,-0.002055385607977533
2018-04-01,0.03125799396241439,0.05908561083569075,0.02782761687327636,0.030147135143471324
2018-05-01,0.06712160985935953,0.06414989863669684,-0.002971711222662682,0.06397002237499841
2018-06-01,0.06281515435597461,0.05962246980091579,-0.0031926845550588195,0.059908614867257834
2018-07-01,0.06916844888529884,0.002989956308855346,-0.0661784925764435,0.065900391185393
2018-08-01,0.009158577698553619,-0.04129373947875792,-0.05045231717731154,0.009305230458706737
2018-09-01,-0.03949401602744841,-0.10950513650681803,-0.07001112047936964,-0.03657891005418668
2018-10-01,-0.10077975394350165,-0.05773459941642212,0.043045154527079535,-0.09437733752987686
2018-11-01,-0.0619747844393793,0.018327797549469782,0.08030258198884908,-0.05778046700426496
2018-12-01,0.018422484820915387,0.0992474712939646,0.08082498647304923,0.01804199829671139
2019-01-01,0.09200676401794386,0.1206399733426089,0.028633209324665038,0.08743914956126912
2019-02-01,0.12849537534895417,0.04266004671779222,-0.08583532863116196,0.12185146843703837
2019-03-01,0.060352126932935124,0.037082070426644576,-0.02327005650629055,0.057585739811462935
2019-04-01,0.025208387018795256,0.03810973291704833,0.012901345898253078,0.024441765834446284
2019-05-01,0.04568382504296902,0.02121237960986755,-0.024471445433101473,0.043752100667882356
2019-06-01,0.033284587109275315,0.038125533813984536,0.0048409467047092185,0.032058410115505066
2019-07-01,0.053085647802702134,-4.081349748552565e-05,-0.05312646130018766,0.05073274136037674
2019-08-01,0.00487167960346805,0.07805537546876917,0.07318369586530113,0.005262267494242293
2019-09-01,0.08031423916037006,0.07159036866450186,-0.008723870495868202,0.07641195835874365
2019-10-01,0.0759096603681494,0.1073037394380123,0.0313940790698629,0.07225801102059069
2019-11-01,0.11924923280539677,0.061564741017350766,-0.05768449178804601,0.11313145432925831
2019-12-01,0.06654305394785061,-0.1599290301947689,-0.22647208414261952,0.06342438772933609
2020-01-01,-0.14487831990738093,-0.1519553379248172,-0.007077018017436265,-0.13596658575164908
2020-02-01,-0.15298867577672115,-0.10306913197568057,0.04991954380104055,-0.14361544226306444
2020-03-01,-0.10472955020663345,0.17809745694450863,0.28282700715114206,-0.09810238059244193
2020-04-01,0.17865614258350687,0.16847300611338234,-0.010183136470124518,0.16915796364645394
2020-05-01,0.10495935429740967,0.16842428138159038,0.06346492708418071,0.0996547053389525
2020-06-01,-0.4465726989344919,0.09007965355768177,0.5366523524921737,-0.42049380658575236
2020-07-01,0.11477759098668448,0.07160181631670692,-0.04317577466997756,0.10891426001709835
2020-08-01,0.09171525449852487,0.051955142334404014,-0.039760112164120856,0.08716422765627892
2020-09-01,0.05603944000958029,0.10365155374980262,0.047612113740222325,0.05351845546699903
2020-10-01,0.10731393675912736,0.11520156450813368,0.007887627749006323,0.10187530622060517
2020-11-01,0.11677682501982518,0.09945684299330004,-0.01731998202652514,0.11079973267681721
2020-12-01,0.09904811196634904,0.06314424138883123,-0.0359038705775178,0.09407982735296773
2021-01-01,0.06346871934442358,0.09645458155467423,0.032985862210250655,0.0605249903874035
2021-02-01,0.09294195587237503,0.07788254672036321,-0.015059409152011816,0.08832112668045197
2021-03-01,0.06998384778273999,0.0884027105362899,0.01841886275354991,0.06666939186385533
2021-04-01,0.0935983422223523,0.05805018942479734,-0.035548152797554966,0.08894016301965965
2021-05-01,0.04219646514316784,0.07298536965737146,0.030788904514203616,0.04046318019300151
2021-06-01,0.22794670224814678,0.05300329870881071,-0.17494340353933607,0.21564376825429274
2021-07-01,0.07797077539241587,0.026257117199283364,-0.051713658193132506,0.07420184348961145
2021-08-01,0.05245981164447887,0.05193458033820075,-0.0005252313062781124,0.05014251683126558
2021-09-01,0.05881077223855276,0.05558805766809738,-0.0032227145704553824,0.056132092020852946
2021-10-01,0.061964522117903244,0.029253749219064984,-0.03271077289883826,0.0591063857126053
2021-11-01,0.031352196543687046,-0.045900908286059416,-0.07725310482974646,0.030235977364302027
2021-12-01,-0.04773607291855715,-0.0569405322751263,-0.009204459356569147,-0.0443519734726901
2022-01-01,-0.061921847327243665,-0.036066202724534424,0.02585564460270924,-0.05773054214506305
2022-02-01,-0.055825207503492055,-0.08542332905383787,-0.02959812155034583,-0.051980816243399224
2022-03-01,-0.0956257415392636,-0.1082938746783263,-0.012668133139062704,-0.08951660121038922
2022-04-01,-0.09186767233637542,-0.10522492266014494,-0.013357250323769526,-0.08597237546296846
2022-05-01,-0.12109459144829136,0.033831706259184635,0.154926297707476,-0.11353621041167758
2022-06-01,0.02952530815465377,-0.007982777156077758,-0.03750808531073153,0.028513043454224035
2022-07-01,-0.008196252688562881,-0.04309141238406433,-0.03489515969550145,-0.007062067049510242
2022-08-01,-0.04236845562758616,-0.0535345183908833,-0.011166062763297138,-0.03928978691414035
2022-09-01,-0.05335233929246577,0.020863433128670783,0.07421577242113656,-0.0496486603648534
2022-10-01,0.021260431802910748,0.06791172811217128,0.04665129630926053,0.02071845905897541
2022-11-01,0.0671597866515769,0.04620283109801182,-0.020956955553565082,0.06400602681308241
2022-12-01,0.047897906463666,0.019015199971691432,-0.028882706491974566,0.04584019536610914
2023-01-01,0.018999857622441437,0.04531775690752404,0.026317899285082606,0.0185865171542823
2023-02-01,0.04607133940277887,0.020879006549541224,-0.02519233285323765,0.04411756449980908
2023-03-01,0.020994177353335506,0.09973345018835178,0.07873927283501628,0.020467355147736975
2023-04-01,0.09703699068805446,0.0984428942765534,0.0014059035884989232,0.0921831438618177
2023-05-01,0.09811765157852086,0.07950077150580936,-0.018616880072711492,0.09320231246820687
2023-06-01,0.08095512662766625,0.018840986818827732,-0.06211413980883852,0.077016377740123
2023-07-01,0.023761789014719665,-0.04896786221191918,-0.07272965122663884,0.023077482843523203
2023-08-01,-0.04512825455414418,0.00482369235704061,0.04995194691118479,-0.04189254643908308
2023-09-01,0.007508758722359288,0.06700384339386667,0.05949508467150738,0.0077492902728481345
2023-10-01,0.06466575556487256,0.13245338259954864,0.06778762703467608,0.06165391227895621
2023-11-01,0.12995323813655024,0.12806886910213477,-0.0018843690344154534,0.12322637521736951
2023-12-01,0.1276180799915074,0.10772922887690228,-0.019888851114605116,0.1210240933606119
2024-01-01,0.1142450848987804,0.06550316408668566,-0.04874192081209473,0.10841205484590098
2024-02-01,0.06607679912341972,0.04828461576202803,-0.017792183361391697,0.06298466396045575
2024-03-01,0.053419978718126454,0.051004116618026174,-0.0024158621001002765,0.051048048017767446
2024-04-01,0.04972300749511031,0.08697770976972885,0.037254702274618544,0.04756144362367658
2024-05-01,0.08363428538874457,0.04999909604049946,-0.03363518934824511,0.07954308572494247
2024-06-01,0.052027385144705125,0.041594672111678,-0.010432713033027128,0.04973469647149486
2024-07-01,0.04318929849723028,0.04944578464608229,0.006256486148852014,0.04139951886756926
2024-08-01,0.04996150651528716,0.08602640764400649,0.03606490112871932,0.047786371458266697
2024-09-01,0.08313489529941971,0.07278860639125662,-0.010346288908163095,0.07907211216989679
2024-10-01,0.07633136444913174,0.03564773097775653,-0.040683633471375207,0.07265571909378461
2024-11-01,0.03649455493471745,0.021615428188751284,-0.014879126745966162,0.03508572281282869
2024-12-01,0.023873895565872855,-0.051287384316060836,-0.07516127988193369,0.023183210253956817
2025-01-01,-0.04828708691305347,-0.09895572719076329,-0.05066864027770983,-0.044871633404705756
2025-02-01,-0.09407721619751862,-0.03438695577574935,0.05969026042176927,-0.08805619080003058
2025-03-01,-0.024342735818873057,0.06447889592679434,0.0888216317456674,-0.02228977525583068
2025-04-01,0.09093413168396863,0.17643615070318042,0.08550201901921176,0.08642755266660061
2025-05-01,0.22932661241261643,0.10637584859567739,-0.12295076381693902,0.21694515810903045
2025-06-01,0.0905168676639313,0.09522105213136323,0.004704184467431934,0.08603403200387517
2025-07-01,0.08855202194620818,0.07190896477151365,-0.016643057174694526,0.08418099087916363
2025-08-01,0.07357639152775344,0.052839365256882154,-0.020737026270871286,0.0700575109623612
2025-09-01,0.06073184413156922,0.03472224733514162,-0.0260095967964276,0.057943850160017234
2025-10-01,0.03966217984514225,,,
2025-11-01,0.049820681073761384,,,
2025-12-01,0.06399108061887478,,,
2026-01-01,0.061492018390889566,,,
2026-02-01,0.06492501188081332,,,
2026-03-01,0.0666898427620926,,,
2026-04-01,0.08351150462595744,,,
2026-05-01,0.06383997253777743,,,
2026-06-01,0.05897057156366772,,,
2026-07-01,0.0512048094114127,,,
