,beta_growth,beta_discount,beta_risk_premium,P_trace
1970-01-01,-0.08361099310881363,-0.12564224126629966,-0.013848009533920222,3.0029999999999997
1970-02-01,-0.0838772324439933,-0.12546672991252558,-0.014166970728632636,2.0069505281912843
1970-03-01,0.006320509963380905,-0.20828573754404572,-0.1378010929204419,1.0817847833629097
1970-04-01,0.050559178250191225,-0.17204404786476557,-0.1559814886696778,0.8905597668067973
1970-05-01,0.18659219930445053,0.06108075747087488,-0.15428463108039087,0.28260869850597536
1970-06-01,-0.015584525458128218,-0.19249593456834013,-0.13890956845267988,0.14831530648141786
1970-07-01,-0.28730282304115723,-0.28430281742421104,-0.014467014922112748,0.0660029347256746
1970-08-01,-0.3027493996151644,-0.284355956243946,-0.005983599297811884,0.05580331982458728
1970-09-01,-0.24660619617378748,-0.22719723402118236,-0.006659518410362117,0.04659915891895377
1970-10-01,-0.19304566239085708,-0.19825045438163758,-0.010426580519458512,0.042454218674897924
1970-11-01,-0.18902045177490587,-0.1953990287843059,-0.013367306844601395,0.043787184566503226
1970-12-01,-0.18056167647865073,-0.19803603649410106,-0.017774529249437412,0.044105276767203015
1971-01-01,-0.15509310805668008,-0.18857494772671693,-0.02688752655273914,0.04539063010904157
1971-02-01,-0.1440869676174217,-0.17777479492406953,-0.028236521208666585,0.04593250825172359
1971-03-01,-0.11044201020528444,-0.11973933111756607,-0.018379110643293492,0.04245064209476252
1971-04-01,-0.05864981751169793,-0.08429857916445475,-0.004417535922767583,0.04146355634253524
1971-05-01,-0.023330133801768863,-0.10480367719041708,-0.0132199942359111,0.04198034482863387
1971-06-01,-0.012139032861799803,-0.11569293282237124,-0.016772465541455835,0.04278662633070417
1971-07-01,-0.0037154970023982013,-0.09693608780949052,-0.010323370839125429,0.03842603642690316
1971-08-01,0.0022311567433790378,-0.06405171548646119,-0.008415403501845485,0.03605726094194135
1971-09-01,0.004152926893769174,-0.050003162333197515,-0.02437277389709537,0.03742195072190847
1971-10-01,0.004241575565913459,-0.05129743275967775,-0.024011275540289864,0.038022256430393434
1971-11-01,0.004968731546249997,-0.08918577310671519,-0.0411814841031508,0.035475905955345055
1971-12-01,0.014450587652877812,-0.12574877114832306,-0.0720729561453043,0.031852369742854554
1972-01-01,0.002456637048327763,-0.11040835184302891,-0.05821251972516327,0.032142169507728365
1972-02-01,-0.00941054196448411,-0.09404432773035296,-0.053384020411498145,0.03377623076966746
1972-03-01,-0.037274460316556464,-0.074219067563818,-0.05120428931096685,0.03495193737644667
1972-04-01,-0.062426017620210994,-0.06389493639974109,-0.05789353382160893,0.03542382198535139
1972-05-01,-0.07584566580393591,-0.06023686575892501,-0.061669647360935456,0.036062072713424
1972-06-01,-0.05501352023233348,-0.06536319750616637,-0.04648266071723259,0.03543370002600919
1972-07-01,-0.050910601402062404,-0.0667064621734124,-0.04228806519382617,0.03433826255501244
1972-08-01,-0.032932748294465755,-0.0646672995358181,-0.022983540061231187,0.03131017898339669
1972-09-01,-0.03037797098011832,-0.06773856997050094,-0.02088700952203773,0.03287367426595461
1972-10-01,-0.02004870599259132,-0.07251423024505434,-0.02131132093964839,0.03465517302110345
1972-11-01,-0.018427378103232143,-0.07489979931878692,-0.022781923127519112,0.03625064592605021
1972-12-01,-0.041622101004861425,-0.07065664678575495,-0.016390702168571542,0.037803462917577614
1973-01-01,-0.05637882218097219,-0.06560150969041399,-0.019131881194647985,0.03962538044198307
1973-02-01,-0.06573643396130492,-0.06204646741496903,-0.0257295468935842,0.04108012412802804
1973-03-01,-0.06236111457902947,-0.061258007059201265,-0.021734982119918735,0.040116077515914596
1973-04-01,-0.06072219367650635,-0.061168242408127474,-0.02105274330121855,0.0414879959032015
1973-05-01,-0.05422047797936789,-0.06401551777465139,-0.021205470274211255,0.0434536809770582
1973-06-01,-0.05148968106258364,-0.06622798479619238,-0.023681573578892716,0.04470682920495912
1973-07-01,-0.0443204418728331,-0.0720629102739315,-0.037058066727802486,0.04442693504419805
1973-08-01,-0.044108464470593516,-0.07362917817536636,-0.039809534036369554,0.04070325484751154
1973-09-01,-0.05475321974260148,-0.07614711608173445,-0.029325637273301616,0.041206078751444164
1973-10-01,-0.07951992465705565,-0.06630950376500953,-0.0476425616050553,0.042288293885623426
1973-11-01,-0.08841922340459749,-0.0677354853062806,-0.05916485264177569,0.04001828345843433
1973-12-01,-0.08470665017355555,-0.07427837206308238,-0.05411024653824376,0.04107147983205104
1974-01-01,-0.06501261195138497,-0.10738206681957034,-0.0390771098001347,0.04260737438182273
1974-02-01,-0.0679748133660286,-0.1024453893006922,-0.04158098957411894,0.044310349606230655
1974-03-01,-0.06896074197274503,-0.09473292326976826,-0.04572918939968783,0.04499868843374502
1974-04-01,-0.06673419054141935,-0.0713382676165915,-0.06365699496844893,0.04427171325775682
1974-05-01,-0.06358354658844162,-0.05035049618249469,-0.10548499929659971,0.04305593035716901
1974-06-01,-0.06317239821003887,-0.04276740284693039,-0.1215030272944665,0.04317847927013311
1974-07-01,-0.06386338918042836,-0.0459577600094134,-0.15508169369391697,0.04150641314042795
1974-08-01,-0.0723891025446223,-0.017877709058737066,-0.07292482214828802,0.03952559236716853
1974-09-01,-0.07972018078387912,-0.0289036027319882,-0.024366794842724693,0.04077456769327413
1974-10-01,-0.09419823369142763,-0.04885196180977901,-9.924454175198535e-05,0.04161460082582737
1974-11-01,-0.10846324538161355,-0.11156108899947145,0.005025359483007321,0.03748010169124788
1974-12-01,-0.13767456304198591,-0.14181266621143362,0.030462175051223634,0.03711921664636077
1975-01-01,-0.19893620852514815,-0.15874355928678538,0.0657528258642689,0.03390185317538529
1975-02-01,-0.14018947989926536,-0.16067920133691063,0.03392640140674386,0.03272992838972491
1975-03-01,-0.0991046776451591,-0.14518303126475252,0.015260218327194684,0.03339860280310407
1975-04-01,-0.06572623531915575,-0.12096172176306177,0.004949872038049025,0.03367838224326986
1975-05-01,-0.055721739155788236,-0.12123813097196291,-0.002748422475304331,0.03536694271149609
1975-06-01,-0.02680198140356925,-0.12544551593827752,-0.02847890512796887,0.037165169549810154
1975-07-01,-0.011030493802480019,-0.11915543413398359,-0.04040836752352475,0.03901331951241423
1975-08-01,-0.019627613243794896,-0.11486268711784384,-0.03519269509408146,0.040476049796796525
1975-09-01,-0.025853775028486566,-0.11864851264059176,-0.01244440749144635,0.042336648721699614
1975-10-01,-0.024741705865614687,-0.1164797592064688,-0.0028056560076245,0.04349532140166223
1975-11-01,-0.03081050527676791,-0.07498733410351725,0.02004363943716931,0.041490412167724776
1975-12-01,-0.034647344911303286,-0.07467188422502676,0.03133026766026645,0.043501664348661095
1976-01-01,-0.03172508533153094,-0.06969501663255749,0.04958542252527658,0.044868823569961
1976-02-01,-0.04887751612783457,-0.058793239537999926,0.029937714355921897,0.042329512331811925
1976-03-01,-0.06748060619740587,-0.059531470486404045,0.016557163815005847,0.03840599891338765
1976-04-01,-0.05173031265603677,-0.04595687510406015,0.025749651569977328,0.031863344484213296
1976-05-01,-0.029098495762207285,-0.04063984149464748,0.033834561580993586,0.03124253456637892
1976-06-01,-0.016268100432271705,-0.0334135961007212,0.03767750897206818,0.031154076409300974
1976-07-01,-0.009477759963462364,-0.018630568428188544,0.04447857939573113,0.030032061852288166
1976-08-01,-0.0230297520732204,-0.018899417785297534,0.03605907566371225,0.03182637337877736
1976-09-01,-0.027342834564641018,-0.024868565305976174,0.032996695361807916,0.03285459094369374
1976-10-01,-0.026852698409953236,-0.02434463108797711,0.03349201388930394,0.034680619503265495
1976-11-01,-0.019005835675935313,-0.02381845757174499,0.03935802841373907,0.036653921105580974
1976-12-01,-0.018555766670057587,-0.028439375904213866,0.03419058828560051,0.03646630112615044
1977-01-01,-0.029237743792323224,-0.01992791665284136,0.02272373754210797,0.037864617244125584
1977-02-01,-0.029095863263101415,-0.03089386798104906,0.009670952867340385,0.03848702327689078
1977-03-01,-0.02978369234295915,-0.02911750024678556,0.010941452109077623,0.036314111719526324
1977-04-01,-0.03080825840842922,-0.024670190277646192,0.014297925229593438,0.03691234381249722
1977-05-01,-0.025286580329331607,-0.012408874208365669,0.02095429610012918,0.038341259963824634
1977-06-01,-0.024368269326914965,-0.012279531148664098,0.021526770790853748,0.03999500750066764
1977-07-01,-0.02908871468107057,-0.009235638338374447,0.020839521296628378,0.03693252409780239
1977-08-01,-0.03891851320185471,0.0007937094579427689,0.020619326722010382,0.03429128334827016
1977-09-01,-0.030608901181032176,-0.011411436213952105,0.022172211656938348,0.034335763471343386
1977-10-01,-0.027224600929977198,-0.01755021642737974,0.026461441073329546,0.03535593835189316
1977-11-01,-0.027330750594053623,-0.01710457195766772,0.026291158345940722,0.03520484078012229
1977-12-01,-0.030590939189612847,-0.014660513182556886,0.024912220519191702,0.037077285587512346
1978-01-01,-0.03101358008098425,-0.014355576530781037,0.02462796425383382,0.03899794413282222
1978-02-01,-0.01495507426172775,-0.027782965726141105,0.0308482649019778,0.04091735925578605
1978-03-01,-0.0023926494423650996,-0.057419057175023595,0.0249946182878825,0.04166095712939205
1978-04-01,-0.0004424470834572024,-0.06225954468365488,0.02540180694859858,0.043009805281698746
1978-05-01,-0.007062489411140637,-0.047093482771565706,0.022986187869987542,0.04454038351274203
1978-06-01,-0.007917029998160567,-0.046612274233981135,0.023190504712490477,0.046291401284135836
1978-07-01,-0.008516414440679201,-0.046241532655191285,0.022786025368610182,0.04817939665873758
1978-08-01,-0.01401350156313931,-0.04588621124772058,0.01970775737977671,0.04980519154687679
1978-09-01,-0.03907167901416563,-0.04152980868970619,-0.0033236870119166123,0.051403801299502234
1978-10-01,-0.04319895634795213,-0.04158211283821768,-0.005094997042452198,0.05308226262768521
1978-11-01,-0.024859686452423778,-0.027362734531443528,0.014553456626718995,0.05262535535442442
1978-12-01,0.004004874818217319,-0.018427432617886517,0.006707099584718665,0.052816157408410516
1979-01-01,0.01396537531412694,-0.016803386760409177,0.005992702089044102,0.054147689734057224
1979-02-01,0.0118623565615332,-0.016720429091302964,0.0055174893189409635,0.05600963597551744
1979-03-01,0.010110406295711466,-0.017662646255592624,0.002909731015778054,0.056715645771610576
1979-04-01,0.010414597776360345,-0.017292081287267103,0.0038845930581716762,0.05612225373819599
1979-05-01,0.00965137999932095,-0.018489981985187247,0.0018287309497514457,0.056021900103165684
1979-06-01,-0.009315994770567444,-0.013662495973376184,0.05822367142959546,0.048900529998505915
1979-07-01,-0.009070269210306769,-0.011442525270332606,0.06363769538951959,0.04975363792992863
1979-08-01,-0.009876274866950887,-0.00435958723002315,0.04675920061861136,0.05090588079262504
1979-09-01,-0.01554564966201979,0.023613805193134822,0.02631186432592327,0.05104133178877403
1979-10-01,-0.01553231592416618,0.021564112899170262,0.02713348413880663,0.047414239367730066
1979-11-01,-0.01989347428539989,0.0031217122338408135,0.05228044101944543,0.047704344985951504
1979-12-01,-0.034889288048307064,-0.0007020735090106302,0.08617346687204933,0.04660777285411048
1980-01-01,0.00871931428884775,0.012741294733297064,0.021186594901187808,0.04494063683410302
1980-02-01,0.03622403777427467,0.014488610383162338,-0.020570577340975962,0.044781620695612735
1980-03-01,0.04120235652555661,0.012878388201279555,-0.03164004476655055,0.04585541929875406
1980-04-01,0.012901170613014962,0.0033902635979816236,0.019878234488437452,0.047022122723628886
1980-05-01,-0.026998686547087668,-0.04279000857696927,0.06357111509805133,0.045913974072104596
1980-06-01,-0.028183413196441433,-0.062162118178931795,0.06670490489139377,0.03341421474529671
1980-07-01,-0.003971158678683178,-0.05825904858001864,0.05309878407636904,0.03018908510723894
1980-08-01,0.006669867102704551,-0.06058413429982953,0.04728192668472427,0.029495487990762126
1980-09-01,0.003738390834543205,-0.05652555344205507,0.050182944457373445,0.03008646604152892
1980-10-01,0.004514950898927246,-0.06351775473771477,0.04479742563814488,0.031232636038447194
1980-11-01,0.006669164727387166,-0.06788050509746274,0.034893487244718274,0.03317561676726941
1980-12-01,0.012114493554047437,-0.06753227173792432,0.01152698582649105,0.03511487503434025
1981-01-01,0.012148751636358921,-0.06442923236018086,0.017616072538127588,0.03690644604653878
1981-02-01,0.011892900701529409,-0.06116949895510097,0.022855406149149358,0.03870233448460279
1981-03-01,0.00930974637068706,-0.05691131010672608,0.028235999007839883,0.0405563676592753
1981-04-01,0.011198505258938637,-0.05960605222485692,0.025650074867307183,0.04232895995879047
1981-05-01,0.012792768107101596,-0.06405704437510024,0.024563847092136708,0.04280672497514777
1981-06-01,0.013555462426188308,-0.03166458814598066,0.023494511606673804,0.039643766419469734
1981-07-01,0.0029526626806183516,-0.05305345991909251,0.008357043874354606,0.04046392145472812
1981-08-01,0.0055686574769469276,-0.04953371819616315,0.010245935659143246,0.03992994809269486
1981-09-01,0.009719509703174539,-0.045324598219778335,0.0131669732045894,0.03959274405685283
1981-10-01,-0.01179149995826201,-0.024593856806788474,0.024997307510081862,0.04117742666870208
1981-11-01,-0.00348633339008903,-0.028415293541952005,0.02000389871918938,0.04266661321819373
1981-12-01,0.01396705995222493,-0.03129158193918301,0.01323227545453377,0.043325098335364756
1982-01-01,0.028497535206128903,-0.03225610820597977,0.009231390926716676,0.04354689789159043
1982-02-01,-0.0014184193857977798,-0.030847342235948035,0.016607223619387997,0.04396802430042279
1982-03-01,-0.013501999469703393,-0.02849375861497784,0.01929960459863448,0.04501610142030693
1982-04-01,-0.010716823093732968,-0.030409085212197973,0.018259075451373945,0.04680587924338722
1982-05-01,0.0012337014709283504,-0.030930286571551353,0.011198330694643654,0.04829333582760355
1982-06-01,0.0034420736118407603,-0.0312203270449221,0.010802509201709932,0.049449875876031
1982-07-01,-0.030836791145419293,-0.028046447677277327,0.029750222810469785,0.05111143236209413
1982-08-01,-0.06288635422485803,-0.033100697749710875,0.04062908988391305,0.05204183558241418
1982-09-01,-0.06957127893697712,-0.025260023061524035,0.03917776140731381,0.052950659359233335
1982-10-01,-0.04340761919209708,-0.022820061207569343,0.03197765257109658,0.05415541927792578
1982-11-01,-0.024995237289724206,-0.020991200563561453,0.02993649285005769,0.055128665269624136
1982-12-01,-0.016033037144991567,-0.023511196235280182,0.030306603483625336,0.05652738544499152
1983-01-01,-0.019851879652448688,-0.021867990816591368,0.03138783298784756,0.05843734645326665
1983-02-01,-0.022136051535435214,-0.02028866274880751,0.03202276090161983,0.060379281649149304
1983-03-01,-0.031054808163631695,-0.01919210962143219,0.036265940292382684,0.06232911686935147
1983-04-01,-0.028334088655647252,-0.0197023532194175,0.034135750396419084,0.06421082842575766
1983-05-01,-0.02900447335289436,-0.025334129830674346,0.019880038868614676,0.06454624967703963
1983-06-01,-0.040141042911680413,-0.03782948496574811,-0.013588649815531595,0.062732781781709
1983-07-01,-0.04021914422998452,-0.03789615751905539,-0.013943034571268763,0.06233992058677062
1983-08-01,-0.03767926286659296,-0.03630211593401575,-0.009194417955961008,0.060154328667671994
1983-09-01,-0.030442737223055145,-0.04184108497023329,0.005209246627852413,0.05258062444281577
1983-10-01,-0.03246032172172271,-0.04262947147473653,-0.004379666906891233,0.053518800742649114
1983-11-01,-0.026246669307059996,-0.041204676668257285,-0.0005731494262538853,0.047851005807390115
1983-12-01,-0.03921697060523714,-0.05617001600842848,-0.0022991005474639796,0.0412627044470498
1984-01-01,-0.037428241919091526,-0.05472552583197612,-0.0020791517083912792,0.039610521170026114
1984-02-01,-0.03899560125592269,-0.05516640492887383,-0.002503118366542292,0.04030197074813553
1984-03-01,-0.021519933200136617,-0.039866856807051494,0.0013754428174596483,0.04121560143021062
1984-04-01,-0.01997472406328089,-0.0404774691840329,0.0017624474600125648,0.04169582813649837
1984-05-01,-0.024153699021468255,-0.039548958346700636,0.0008660607689716585,0.043157562676309796
1984-06-01,0.0004943012698043273,-0.06914086024928656,0.010596631629993577,0.042934238384595216
1984-07-01,0.017053553909370637,-0.0852097766460621,0.019996231103592742,0.044049498425689754
1984-08-01,0.02539176534095585,-0.0900009612761422,0.022252367713386147,0.04571074722398377
1984-09-01,0.0040958685455483035,-0.06166026016940597,0.01990615608246379,0.04620912271039041
1984-10-01,-0.01527614696910877,-0.04537106844506984,0.03478736287363469,0.04570020707974949
1984-11-01,-0.014257308814616823,-0.05125190861104806,0.042489104479027665,0.04361469618001577
1984-12-01,-0.01309937182538054,-0.0713906614044104,0.05724315902719672,0.04054256515208602
1985-01-01,-0.012606083589811998,-0.07367582572034946,0.0591979695186303,0.04054184745323439
1985-02-01,-0.015669383110219422,-0.07221744094776768,0.04427997188125002,0.041286571141051075
1985-03-01,-0.01465713953372274,-0.05739601151087168,0.01995235576768993,0.04116700820989276
1985-04-01,-0.015090134094537492,-0.058052051771287014,0.022665474717416697,0.0411563191318928
1985-05-01,-0.014549426230717307,-0.06039598629882583,0.02502251188063783,0.04237221075182089
1985-06-01,-0.016294860463751344,-0.05648930242996206,0.011391537504286725,0.04399679923835098
1985-07-01,-0.02111285984615302,-0.04734709850446561,-0.006005400644369345,0.045766558945096444
1985-08-01,-0.019903970363918312,-0.045199648198341075,-0.018466759768627092,0.0470621913988326
1985-09-01,-0.0227533425154264,-0.06824562341862082,-0.0028491647492936353,0.047140498687504764
1985-10-01,-0.029271456897713165,-0.04994462119098051,0.040803122451422376,0.0474327332230765
1985-11-01,-0.03036518878045492,-0.04665911611276466,0.051354403036212054,0.04864151694729443
1985-12-01,-0.030398725753524175,-0.0466102609932938,0.05162421172367219,0.050145740494926365
1986-01-01,-0.030889926696132997,-0.04595022219354348,0.053377661112272434,0.05121622472775361
1986-02-01,-0.028802401787002788,-0.05277068914547916,0.05915240122190477,0.05248633697986476
1986-03-01,-0.029579121479354254,-0.051616896780562735,0.048413043382517534,0.05450325371001286
1986-04-01,-0.035010474955488285,-0.037569420870551165,0.03871978108514802,0.055701491381700934
1986-05-01,-0.023344553033771424,-0.04833465224183882,0.012438410811216577,0.05639735144631137
1986-06-01,-0.02261111215174569,-0.05065419122380814,0.00867233241945921,0.05745834039817197
1986-07-01,-0.013555029089249708,-0.062350786068237116,-0.011314596234145864,0.05834900647687361
1986-08-01,-0.01305920830779259,-0.06284962896069368,-0.011857236779338113,0.05761371389995964
1986-09-01,-0.013811596602112102,-0.04327601543034521,-0.005708393893999867,0.053077425682405296
1986-10-01,-0.01718794098517121,-0.03282671532757658,0.006686586857146321,0.05473870494026504
1986-11-01,0.0007027011759363419,-0.05875772545832448,0.03496347768732224,0.055270773352705305
1986-12-01,0.011899892737821475,-0.08565947459439181,0.056746653976093034,0.05552991498914433
1987-01-01,0.019224196731526977,-0.10728128074255713,0.07597919052867791,0.056523695995165706
1987-02-01,0.013033581952550704,-0.0995149090747475,0.06231524123672141,0.05826133438738241
1987-03-01,0.0026454899856255144,-0.09365536010401172,0.03223009276308683,0.06013087444422279
1987-04-01,-0.00575901492712113,-0.10518757665993593,0.020262669349862296,0.06084266091883081
1987-05-01,-0.0020721351189405164,-0.10511949312373152,0.022522503805953557,0.061680700610674044
1987-06-01,0.023290316570732564,-0.1146009661646484,0.03350681938687734,0.06195399549156202
1987-07-01,0.006390479530630062,-0.11797866880271711,0.022316006945409694,0.06308762946158175
1987-08-01,-0.10312690315130395,-0.10170955740957943,0.00828237330281759,0.06195700680249995
1987-09-01,-0.18103397559620477,-0.041212558291474057,-0.02527700136555477,0.06286735249724174
1987-10-01,-0.20439219967139718,-0.03510472251744318,-0.04506191069373286,0.06466700685145212
1987-11-01,-0.20250765164606194,-0.001367814287311267,-0.024459523513321348,0.05995910270345662
1987-12-01,-0.0798415306533282,0.008090498877374034,-0.006660169278013731,0.05970335384145588
1988-01-01,-0.011608557586261808,0.015181235087718731,0.011664654191947791,0.06057309551700305
1988-02-01,-0.0009446511546220525,0.010995424294833526,0.014514114368561301,0.0616786862829328
1988-03-01,-0.00783843934717565,0.014849134949671201,0.0036561829718761013,0.06365694453177032
1988-04-01,-0.0054707954672499545,0.013438298320340379,0.004488606012052667,0.06495710405325267
1988-05-01,-0.002853228611132323,0.010508175985926762,0.005749721317973355,0.06623996764821298
1988-06-01,-0.002084940168323984,0.010706139895339483,0.008166161813106169,0.06799515978432813
1988-07-01,-0.006630252374899207,0.016823029415045265,-1.4281880333311125e-05,0.06984012480408058
1988-08-01,-0.0013684789678122724,0.012848379192304402,0.0046113376527614595,0.0716381916504142
1988-09-01,-0.001455980253247194,0.013734782279690636,0.006646039376994846,0.07187214919076212
1988-10-01,-0.0020841233028346625,0.012853650480478812,0.009052545102345134,0.07259987371302817
1988-11-01,-0.0020324909910895863,0.010489061185587015,0.009637637019865967,0.06965830621083154
1988-12-01,-0.014474943591114408,0.01598933692235824,0.03408070619319983,0.06763893318006453
1989-01-01,-0.014617151746503073,0.01692265582306596,0.03224787899468854,0.069329944007151
1989-02-01,-0.015029236530885644,0.015473446089343621,0.029616583778637566,0.07046111324879926
1989-03-01,-0.01032969714440321,0.015161178560062372,0.031127550173095483,0.07148940533779885
1989-04-01,-0.012069983482102063,0.009345804983336235,0.04309796682000489,0.0729102912202314
1989-05-01,-0.01200364263341381,0.009252246951348766,0.042860567226738394,0.07343072153193032
1989-06-01,-0.01236346327428778,0.00900841345559094,0.04459821537819967,0.07495697149943016
1989-07-01,-0.011329813100924931,0.012275291471803663,0.036700384680170506,0.07660556168607317
1989-08-01,-0.003711144053048061,0.018564258866690678,0.023840033433689713,0.07714603589704123
1989-09-01,0.008579437046550203,0.0420397632972451,-3.518229360331693e-05,0.07761220711538142
1989-10-01,0.00932908732045514,0.046273990182978654,-0.0026730331468500165,0.07769729538034903
1989-11-01,0.015424546744532608,0.04252828473683522,-0.016057926172072898,0.07852353193267499
1989-12-01,0.02193864131306867,0.03833631299668474,-0.026034634624032202,0.07873036556189969
1990-01-01,0.024967848012494208,0.03283829981180238,-0.0314036326099027,0.07797426111964438
1990-02-01,0.02975449028140885,0.015361095150185876,-0.03003644312518255,0.06598754601268403
1990-03-01,0.010627751584164555,-0.026438187299091066,-0.03243371225314692,0.05307082474877596
1990-04-01,-0.02188421616632409,-0.053984242672139165,-0.017598387113386755,0.04752381742128275
1990-05-01,-0.021807782510598027,-0.055114719002290036,-0.017747404718679083,0.047348072023330405
1990-06-01,-0.04158259855039434,8.260000852382265e-05,0.007303733169481415,0.04755526262675203
1990-07-01,-0.04874353289589745,0.03038075458933088,0.049320574511264446,0.047351506364690064
1990-08-01,-0.048070849671442054,0.03997672135956907,0.057816839094931106,0.04869979091351423
1990-09-01,-0.013738960230716357,0.04170163052909848,0.005357625302121173,0.048126861342106926
1990-10-01,-0.01991090156613528,0.024516913252364176,-0.019749143106895503,0.049871613180225156
1990-11-01,-0.017136624892036077,0.026028701375789293,-0.02654784568893162,0.050194413833117055
1990-12-01,-0.01815208222971241,0.026696261726162667,-0.03516021486362377,0.05155255863715692
1991-01-01,-0.013987029122863905,0.028340695332147746,-0.030284028856461743,0.052576262366833534
1991-02-01,-0.03637578078565106,0.016664915187044434,-0.035258969083024935,0.046335001348467915
1991-03-01,0.0044769088737609125,0.03886394730611886,-0.02844572694176757,0.041956591114156
1991-04-01,0.01333321491812335,0.045560073372966844,-0.02332518597556176,0.04265638268003302
1991-05-01,0.017732727170046564,0.04766188729254948,-0.020970900494481907,0.04326813859317629
1991-06-01,0.015528708799676874,0.04761326325348093,-0.023481334034532047,0.04464441347060967
1991-07-01,0.015458583038154524,0.04680505084548019,-0.024255773803740523,0.046440763183086896
1991-08-01,0.017083422968170146,0.0441048995878889,-0.025610061919946504,0.04688219365674013
1991-09-01,0.016089859717488535,0.04560936291348218,-0.024692426890144854,0.04791240247519306
1991-10-01,0.01639925929439591,0.04530475316554187,-0.025591192987921924,0.04966287849939255
1991-11-01,0.016584023568375295,0.045797237291935584,-0.034484308250648694,0.05119680843754912
1991-12-01,0.015869388625228083,0.04608367213687174,-0.03358339621917878,0.052370799202864575
1992-01-01,0.01205737239401828,0.03763917905996254,-0.020489437130338826,0.050937945951237344
1992-02-01,0.012843087568047681,0.03456306360143697,-0.008665457883967102,0.0523597897678571
1992-03-01,0.012638400784174664,0.03478044282452733,-0.00913388395331503,0.053269523745033326
1992-04-01,0.013998097026729378,0.03200786650470423,-0.005625313811758645,0.05346906193780236
1992-05-01,0.014720933729062425,0.03221779660115071,-0.006819344593276634,0.05461954052780842
1992-06-01,0.01435098942006047,0.03256575385421227,-0.00616120578278432,0.056141136698094576
1992-07-01,0.015446665971916622,0.03236079281011364,-0.007852806250013765,0.05759028915567253
1992-08-01,0.01473117380516493,0.0320440794655687,-0.0033763950035168716,0.059461678938435764
1992-09-01,0.01451275110958601,0.03236374303191468,-0.004520512478318432,0.06118801170755419
1992-10-01,0.01782649813788724,0.026499473828599428,-0.008559905333766714,0.0617663029578895
1992-11-01,0.01719293771884775,0.027436239476581453,-0.009573764344119207,0.06147801472248509
1992-12-01,0.017374292467474267,0.027827508992483117,-0.008805447635682232,0.06336044769792025
1993-01-01,0.016594682621109223,0.02856493060390727,-0.007543058848089033,0.06481909796188223
1993-02-01,0.015024558658733821,0.02793221851268238,-0.00443514581769907,0.06629702063050831
1993-03-01,0.013777162410983375,0.025434249968955446,-0.001036521992517842,0.06699422382332211
1993-04-01,0.011432846414869139,0.02340527991210648,0.002378690994148797,0.06775811167146376
1993-05-01,0.012173944666804144,0.02379671575333529,0.001709264879741491,0.0678606204203947
1993-06-01,0.01076129573963113,0.02311611454033525,-0.00021371666578746842,0.06932534678931174
1993-07-01,0.011024067103925516,0.02326678595368011,-0.0009089916503553706,0.07109876555025971
1993-08-01,0.011084439336968623,0.022456003624333976,-0.0005939577090089954,0.06567336698938736
1993-09-01,0.009296093174469866,0.018251389082830333,0.003247460133258772,0.06659004349609886
1993-10-01,0.0046200742556461016,0.012506017870100448,0.005940655506286054,0.06440561005165288
1993-11-01,0.0047170464223680614,0.011256180881408135,0.006404918158667634,0.0639900473266022
1993-12-01,0.003443247968794483,0.010515028786232193,0.00695667969771981,0.062512266393237
1994-01-01,-0.0034575243904668334,0.013875545949822448,0.011635528651800727,0.060323908423267535
1994-02-01,-0.019068591069743367,0.01588884230883074,0.02220054421315909,0.06052790272159029
1994-03-01,-0.018028932395270585,0.015595838800832639,0.02158713788750047,0.06028941661672678
1994-04-01,-0.0156720602549075,0.013236786612993592,0.015616656562591865,0.06196673192597966
1994-05-01,-0.019774631752286085,0.01364230344623729,0.007491300259569634,0.06344829611599101
1994-06-01,0.0019135514319157075,0.02146579197014136,0.006069980018629352,0.05323376476010195
1994-07-01,0.0038521686092614924,0.020323095449244728,0.004454974440544841,0.054015474478632086
1994-08-01,0.004486501860875329,0.020098899185348417,0.0038140273676515977,0.05553795467112068
1994-09-01,-0.003004847624625432,0.022495792136885608,0.008378153327219334,0.0564969125521649
1994-10-01,0.003420151965122199,0.02042533413031393,0.012815992405801911,0.04971596090326401
1994-11-01,0.004786454076944422,0.020604863153388935,0.008566552558682774,0.051686605830440296
1994-12-01,0.008842581740442982,0.02614412413885294,0.00398274570782833,0.052788219557018234
1995-01-01,0.010074152152365509,0.014225738395538548,-0.005013575834572934,0.052039251868140374
1995-02-01,0.013309082459549927,0.013951833187891664,-0.0064366504719093765,0.05240973113997686
1995-03-01,0.013317871614229097,0.013895766719196104,-0.006466721580418383,0.05111839549942178
1995-04-01,0.013405002751248554,0.014038253753891517,-0.00659687642191024,0.052044076569551886
1995-05-01,0.013338858951409764,0.013771910034973273,-0.006459770507089846,0.05149667687884567
1995-06-01,0.016083712773950244,0.01485494633655182,-0.0015399790346770264,0.05232366945386145
1995-07-01,0.015940256223215724,0.01504143923898158,-0.0017797453698289117,0.05292703343252201
1995-08-01,0.018658123567119527,0.018480180688189424,0.0014102185752620938,0.05023055566708498
1995-09-01,0.017554728660632964,0.017638850841765922,-0.0016820702471287512,0.05179004705986815
1995-10-01,0.017767888567131532,0.017443409009355478,-0.0014701123223217136,0.0513393585265312
1995-11-01,0.017786229271777233,0.016852330050185348,-0.0017878083762050971,0.049231015047591496
1995-12-01,0.01592634629680236,0.014936523255829639,-0.007092066269814663,0.050880618590429125
1996-01-01,0.01848186587579441,0.010095876746303793,-0.001847830588892348,0.05149086096767977
1996-02-01,0.018112519206486148,0.009956999590993793,-0.002193059738621733,0.05179988032931027
1996-03-01,0.02110540080004084,0.01052230484831203,0.002091219029962228,0.05321376760681684
1996-04-01,0.017965095227580413,0.012708187433049587,0.0002990900704348976,0.05121996289475892
1996-05-01,0.014688964861328386,0.016685232666321874,0.004645917634102345,0.05151620695545194
1996-06-01,0.014640013704527478,0.01588680734947744,0.005277826944716472,0.05214084018624563
1996-07-01,0.014894434319362007,0.014587839209741502,0.0035848197496294158,0.05340100523330547
1996-08-01,0.028012949210573117,0.021147662652927324,-0.00443652379751858,0.0525480778105476
1996-09-01,0.02981173893347995,0.019141940460608353,-0.008137856492218721,0.05405101486709224
1996-10-01,0.02817895838724828,0.015823678826387837,-0.006361908646799852,0.053079877978015784
1996-11-01,0.028292562395214903,0.016015278834929533,-0.005356970572749606,0.054963178562331544
1996-12-01,0.028484548508098707,0.01632344002611643,-0.004899476163216414,0.056066958463475286
1997-01-01,0.02574445606932265,0.008968660796442587,-0.00166937993645804,0.05457989242479376
1997-02-01,0.018186546472715313,0.011158305928319207,0.007402790488396078,0.055912701138951255
1997-03-01,0.0199845229544633,0.008900371197454711,0.0021507617334311753,0.05756644249464069
1997-04-01,0.027672286834482904,0.018906738805079752,-0.0028233908147791637,0.05674159462115194
1997-05-01,0.02605821489044699,-0.006297625276394509,-0.01921992023825361,0.05484468278097911
1997-06-01,0.01841733333527844,-0.0033846983114846907,-0.00870722148226286,0.056468690623394574
1997-07-01,0.014139836972864445,-0.010103731797682387,-0.003669410149140715,0.05693385029228324
1997-08-01,0.015759442341326785,-0.009010839628204155,0.0023605768873974486,0.05866039212134586
1997-09-01,0.016926480190712367,-0.008862794134466499,0.004493697539614295,0.06008636144876219
1997-10-01,0.01718709853415821,-0.009586226159848173,0.003295484503346589,0.06165535267858772
1997-11-01,0.018578442174419386,-0.0071395251609963975,0.004995564984647831,0.060336696126079475
1997-12-01,0.030245995936840662,-0.008010734195334572,-0.0009210836262912017,0.06009463260252517
1998-01-01,0.03132327652215434,-0.01040403988749712,-0.0036802850830826095,0.06156005476609889
1998-02-01,0.03195347053947463,-0.012485430161613959,-0.00709209338541225,0.06335314113089614
1998-03-01,0.024733607541290042,-0.016569098619079202,-0.00035702598308377277,0.06419814338596583
1998-04-01,0.021533459317285335,-0.020503202729100296,0.005494072628994844,0.06553643857383269
1998-05-01,0.020306691374633395,-0.018877299710193647,0.003287658996725154,0.06609388162146215
1998-06-01,0.02688747181189967,-0.025738282428073044,0.010591965732641232,0.06556790213539666
1998-07-01,0.028459518506798277,-0.02949570233428625,0.01591090476184809,0.06695752887200455
1998-08-01,0.026402921241041294,-0.030296423861409384,0.019559733463798593,0.06877508965594238
1998-09-01,0.03982453238149088,0.028996733343603413,0.011481164365868329,0.06107399312322796
1998-10-01,0.030629180197565567,0.049429737659708387,0.004835532706241683,0.05979634596594916
1998-11-01,0.050034172296302276,0.03019629653382058,-0.010683602417371357,0.0560353191715231
1998-12-01,0.06913640985319078,0.027444438680501688,0.004715519203834078,0.05529987728179754
1999-01-01,0.06866712148420066,0.027263276355803702,0.004274194801534721,0.054646532139247986
1999-02-01,0.06921880157563076,0.02516999160027017,0.00639844302501092,0.05603442164765708
1999-03-01,0.0692092596899447,0.02510102266366482,0.00668678273113147,0.05802559699641531
1999-04-01,0.0711877649402535,0.02554842014732789,0.008472255610602915,0.0579420152086033
1999-05-01,0.0692116808067067,0.02521784634179556,0.0101255645187577,0.058863295180163734
1999-06-01,0.06971031307054938,0.023274256091398764,0.014691109405929813,0.06078044363721495
1999-07-01,0.06859653866724033,0.021859125915559236,0.016371306952490117,0.06227975823300066
1999-08-01,0.07247241709131866,0.02449373578466925,0.02052669899778351,0.06174110594427312
1999-09-01,0.07576027082038818,0.03680167355254058,0.012857707583499741,0.06253934201307201
1999-10-01,0.07975451840224772,0.03761872307659978,0.010847062715188746,0.06207218488131136
1999-11-01,0.06993410100125394,0.03421223138379321,0.0024495087652415502,0.06115821179865996
1999-12-01,0.059417515373212326,-0.0010692461778891924,0.00944614967374914,0.0587931111175853
2000-01-01,0.05910347336147096,-0.0006217586774071265,0.009919908344914912,0.05788151789837654
2000-02-01,0.05935943540566085,-0.0011194100827753323,0.007621302495838462,0.059698320388207354
2000-03-01,0.057385235653574534,-0.0029992920631439976,0.0055141270934330605,0.058608959403642365
2000-04-01,0.05273363098070391,-0.006815683390543362,0.007905929838158212,0.057508032045203133
2000-05-01,0.047436414033379955,-0.0073462200946781365,0.0051879948142577285,0.053594033638755596
2000-06-01,0.05214005319734483,-0.006193754374007774,0.003029355935323655,0.052298545699233714
2000-07-01,0.05438797129928261,-0.0031994496562955223,0.007405567587613416,0.053014069711382186
2000-08-01,0.06164193180635541,-0.0017923094008256972,0.010376074786452437,0.04833398094008096
2000-09-01,0.06305809429443174,-0.004016690829506736,0.013536956080474234,0.04975708352149765
2000-10-01,0.06537180467155011,-0.009200189494223202,0.016564849911575242,0.04949358911063309
2000-11-01,0.06288578981763998,0.0012846907681445616,0.012769127986499377,0.04859659420386031
2000-12-01,0.06281595134416985,0.001183405298104133,0.014145930324573222,0.05056585304981571
2001-01-01,0.0749756322505657,-0.0073438002016743996,0.016519913731457787,0.04560555508819623
2001-02-01,0.0757772695747322,-0.009258828838104203,0.017339023618822082,0.04639800966733048
2001-03-01,0.07126788140101324,0.012566799745005039,0.016141369034492283,0.04527844444550894
2001-04-01,0.06560254387606748,0.030264527496065487,0.0181099271281993,0.04384569876784198
2001-05-01,0.04812963819283397,0.003104206776655887,0.010381677216772488,0.040410568090541284
2001-06-01,0.07115610541229449,-0.008241158535480011,0.007463675996070834,0.035300295824158945
2001-07-01,0.08296037429760139,-0.011571205485846404,0.006717727537963296,0.02988430758689674
2001-08-01,0.08277585165942106,-0.011794399492836245,0.006660072788122276,0.02871933133324456
2001-09-01,0.07168505366401635,0.0013105173723204095,0.012299397812822351,0.02946420692260019
2001-10-01,0.06406607600895328,0.01942978300008004,0.021258954712540738,0.03075080839016002
2001-11-01,0.06593435020451928,0.016207160547053595,0.01992054720312162,0.03224598827735577
2001-12-01,0.07412114756526977,0.010974816015386673,0.01745100252692109,0.03276195247701985
2002-01-01,0.06859212098473934,0.015778258861963258,0.017386650245389844,0.0342398927886605
2002-02-01,0.06511180015005583,0.017635011837975414,0.01090181131072538,0.033197499669079984
2002-03-01,0.06281617758593898,0.019571138295568394,0.010170611482108544,0.034871660483529736
2002-04-01,0.06997716143027136,0.017640272193539065,0.013123707424144999,0.03546622796381762
2002-05-01,0.07128736253694115,0.012529608063598156,0.01721858126529507,0.037310429496261566
2002-06-01,0.06468706830720211,0.014452793259046168,0.012271129032298312,0.038348073472056064
2002-07-01,0.06424854991319663,0.013297260398794381,0.01325667987545931,0.03948652368596993
2002-08-01,0.05813447465022315,0.0190691750457499,0.006023724368425902,0.04129114941259021
2002-09-01,0.05266009972153097,0.02093266475424587,-0.0023465799941400616,0.042450948640834
2002-10-01,0.053665615903355904,0.022554381846142245,-0.0031883490949924766,0.04276478528856681
2002-11-01,0.048977056005428815,0.018008404491540307,-0.0007733993839968501,0.04127028657223589
2002-12-01,0.025974849637949184,-0.0009047792109671965,0.012520610477899551,0.04034707537322558
2003-01-01,0.020764106355220264,-0.0035402858163286815,0.013501254360707548,0.03521534554446504
2003-02-01,0.022428167665896673,0.00024256373202385245,0.013163284039257837,0.036850893610919616
2003-03-01,0.03258374104421449,0.0108658831482851,0.013261460595300074,0.037726829483112304
2003-04-01,0.032699895383653955,0.013989328384134705,0.0011511224557839688,0.038245322898705636
2003-05-01,0.032839868770308665,0.011149093750448761,0.005025140005658316,0.039992658124052005
2003-06-01,0.03397886471852834,0.005352168630176636,0.007320404858339095,0.04192438492543164
2003-07-01,0.025904050352103317,-0.0005741715086826603,0.007394183698877522,0.04207014638553516
2003-08-01,0.026225992726049047,-0.00029907049206599117,0.007063495324912215,0.043540670906564605
2003-09-01,0.025497105647021255,0.0014884460965699886,0.00481206846961252,0.04512705686563995
2003-10-01,0.024646544284162762,0.002240094705305082,0.002764188358560822,0.045899888671657445
2003-11-01,0.02639547847060983,0.0033719043073119105,0.0016073114177589806,0.047010353225170054
2003-12-01,0.026422079588230517,0.003500871917415772,-0.00017567808133326268,0.04718023847280854
2004-01-01,0.02646165806325407,0.0011042187503558943,0.004992591165021616,0.04882399206155116
2004-02-01,0.0291649496175335,0.0009908312460910713,0.009477671786851457,0.04794441600893877
2004-03-01,0.019103594790688194,0.001032090058481603,0.017804782449079543,0.046117245533268125
2004-04-01,0.021420002005948614,0.00186671865152498,0.011988568528707949,0.047335358101906165
2004-05-01,0.021823550925020252,0.002792591390618524,0.016336827498791586,0.046754879732076676
2004-06-01,0.01609801333655267,0.0028620633648741506,0.017630033625120386,0.039586234951485055
2004-07-01,0.01597347724225487,0.002916547360897958,0.017810395520079625,0.039547997292124076
2004-08-01,0.016869346774451337,2.880542267641147e-05,0.011291688545917344,0.038167256340149565
2004-09-01,0.023314141491526837,0.003269892722735729,0.0112372431623428,0.03811423654138461
2004-10-01,0.023373107988365623,0.0020952630548761626,0.0073522850990433075,0.03796882493626309
2004-11-01,0.02304086501609992,0.001990323022551781,0.00862435148223831,0.03969284241498463
2004-12-01,0.022736180164460117,0.0016840631318868113,0.011809017154673461,0.04138270757810653
2005-01-01,0.0229891412123595,0.003714955003550321,0.015140154375663687,0.0397523063278809
2005-02-01,0.023079101549777593,0.0037496747153546624,0.015518238174472532,0.04102412612425192
2005-03-01,0.020923528057488955,0.002133889431707196,0.012382201787650628,0.03950666608401033
2005-04-01,0.015652241865106494,0.0015106445474325427,0.006666039193788722,0.039942662690419475
2005-05-01,0.01336030619096153,-0.007782576648558795,-0.0026550790672877885,0.03944795345269962
2005-06-01,0.013477540956888696,-0.007902616868529392,-0.002516626906874693,0.04063579253742647
2005-07-01,0.012533200658058487,-0.007126335679627692,0.0008540611776455989,0.04232286415645033
2005-08-01,0.019407133618740528,-0.0106473069198259,0.005739325547871547,0.04294080147143356
2005-09-01,0.019634663623205702,-0.013835216181901604,0.0012116562942582005,0.04398709660700465
2005-10-01,0.02074836746386956,-0.013821844658619924,0.0007104888085840956,0.03990045036278789
2005-11-01,0.02365139349982568,-0.01681911324672485,-0.004580937921732049,0.0410834758043267
2005-12-01,0.010971623422415049,-0.02625602197264424,-0.0032986153809838673,0.035928489118446594
2006-01-01,0.011542421162641222,-0.02660823604114734,-0.002690302224734327,0.035728359938687095
2006-02-01,0.010812354432133442,-0.022025144992542104,0.0010939522823988704,0.034622469366307994
2006-03-01,0.011424310115201886,-0.021453013349187876,0.002808612638760026,0.036209334522950117
2006-04-01,0.005408626037867887,-0.01569301335040768,0.009449017213119875,0.036541010364971746
2006-05-01,0.0051757761916689385,-0.015617414634334394,0.009963880131570704,0.038381019629424314
2006-06-01,0.007505577895781506,-0.01815457736127795,0.006421558843899914,0.03957303103087223
2006-07-01,-0.001742154818129997,-0.013629410639816247,-0.0017516407780486607,0.0394789138733901
2006-08-01,-0.0040992294288665476,-0.010512918256330642,-0.006673520381654433,0.040894881680484614
2006-09-01,-0.004317738169967837,-0.01039852683406163,-0.006789586047946226,0.03977963723831286
2006-10-01,-0.004222389888257857,-0.010601767519905837,-0.006594087505188029,0.04094771541918915
2006-11-01,0.0023825223760678286,-0.012347651133652,-0.0034906445958651443,0.041101512614943284
2006-12-01,0.0016671356737155824,-0.012806177942695163,-0.0022074422398149374,0.04228426512600927
2007-01-01,-0.0010132808717050036,-0.017428562865715765,0.004193471596163811,0.043622576134060176
2007-02-01,-0.001336488894509994,-0.012441313222215328,0.00026237202288968177,0.044760937170094384
2007-03-01,-0.005883957922895831,-0.012423051773613789,-0.0007633357572272689,0.04165073776312552
2007-04-01,-0.003382332494617357,-0.008577854469756322,-0.006658785796858711,0.04281458448264514
2007-05-01,0.004849636186027819,-0.01471803456581153,-0.007530018801221383,0.03534338199851408
2007-06-01,0.014814545031507418,-0.026890183333463505,-0.003309226815278751,0.03631854935132824
2007-07-01,0.0069143742041572216,-0.022105430272317587,-0.0015018622942871338,0.035937792076100525
2007-08-01,0.004693992812847595,-0.021997357136308404,-0.004656403766074362,0.037829825838260236
2007-09-01,0.004805238281426167,-0.022122617629311704,-0.004534379555619466,0.039621667122774214
2007-10-01,0.005666976623190879,-0.02493719769561932,-0.0038102670434038205,0.039842134309629615
2007-11-01,0.017144887665337425,-0.043654517782476476,-0.010553374649639596,0.03780435149411202
2007-12-01,0.01169163718717587,-0.03995097886928114,-0.009893722226453247,0.039227989661875545
2008-01-01,0.012952546703508455,-0.04456170324472067,-0.003252964304892735,0.0403490798020395
2008-02-01,-0.008991947540455583,-0.030916143111651355,0.01262886390498751,0.03947903291614126
2008-03-01,-0.013956341194177565,-0.0218831857345364,0.015734329777519443,0.03996794674578203
2008-04-01,-0.01342523718121729,-0.024509067915195495,0.014932042688526314,0.03891499033404189
2008-05-01,-0.012478879183283133,-0.04429449404122476,0.016686508872828475,0.03845468240650521
2008-06-01,-0.012480850213027889,-0.041831664818178065,0.017251546431955395,0.037088725798700865
2008-07-01,-0.01101179934449575,-0.035193873383243104,0.016280985453900852,0.03501161670033724
2008-08-01,-0.018210761693133237,-0.06096137106703299,0.01475064632080509,0.03308953485906224
2008-09-01,-0.019629237353382678,-0.07268101590720129,0.009652466353175675,0.0326860553826903
2008-10-01,-0.017195882122032678,-0.060803690781538744,0.009532626743847573,0.03337038614557099
2008-11-01,0.013693994293028033,-0.03378569700161595,-0.03135141113990536,0.025540344661770447
2008-12-01,-0.004709576869667879,-0.036502719307211474,-0.013062583344560511,0.022736341318803463
2009-01-01,-0.002939823539225053,-0.032929886192434504,-0.011798562320119294,0.021535824805126443
2009-02-01,0.012870085090546156,-0.01395465892128267,-0.0038468407806942894,0.021139605780373515
2009-03-01,0.02172598253823335,-0.010728663012229231,-0.0072578136039343575,0.022327282055827277
2009-04-01,0.024087910523239643,-0.009958411189080129,-0.008801235100562441,0.02402396992062309
2009-05-01,0.019561937074254663,-0.01665495822500865,-0.010140946829164546,0.025068234998702664
2009-06-01,0.019630115977490474,-0.01659488689457171,-0.010154190343488119,0.026841898857383167
2009-07-01,0.019794835727762517,-0.016428686723784686,-0.010222516656899066,0.028766545219572462
2009-08-01,0.018785268500132568,-0.016578650096981964,-0.008565199539891998,0.03016918905399605
2009-09-01,0.016980275452572257,-0.018829482777109448,-0.0074246784497826275,0.032124455022163434
2009-10-01,0.017864619237118868,-0.015245934480062215,-0.006143317853857996,0.032055828990171537
2009-11-01,0.018172933925333604,-0.013809439631592946,-0.006008330759535062,0.03343547860944793
2009-12-01,0.01725570589401492,-0.016175265837898897,-0.005692553560420736,0.03530576636185714
2010-01-01,0.017761427635493536,-0.015730879672817003,-0.006944146320456051,0.03667467526692331
2010-02-01,0.01751625007723212,-0.01539591641712794,-0.004996310697746126,0.03426412382702859
2010-03-01,0.016792878232351666,-0.01560255583577577,-0.00034990945561787397,0.03513721472716114
2010-04-01,0.017772063650779824,-0.015455674318472768,0.01204500817339768,0.03534752837754364
2010-05-01,0.01820391390599321,-0.012573768011723043,0.019399216964139362,0.03390962883479483
2010-06-01,0.017636943810733642,-0.018245371095012,0.013586198301380858,0.02986184284342755
2010-07-01,0.01717358666723036,-0.02023259528795338,0.011867498197113784,0.02988986747081243
2010-08-01,0.015155200255493379,-0.020784555514711166,0.0072358472487286905,0.031071909926768688
2010-09-01,0.015069627858934998,-0.020869386527799502,0.004772959065747777,0.03290447186677262
2010-10-01,0.015030789638763725,-0.020754856490895406,0.00306577786083094,0.03470709808502073
2010-11-01,0.01503012592795916,-0.02075561085495694,0.003077676847535477,0.036585321139057825
2010-12-01,0.01522657497445866,-0.020669162849495878,0.0017558376130505555,0.038514059222621355
2011-01-01,0.018256339860233856,-0.020737119783551364,0.00630774222970886,0.03920186743290636
2011-02-01,0.017949116510543945,-0.020717377352707293,0.007478729890022174,0.04118514436986273
2011-03-01,0.01973840067244033,-0.02094977771161418,0.009513702210906212,0.041208918688653354
2011-04-01,0.021028837754040117,-0.021801930528161668,0.011325989776328562,0.04156310365327419
2011-05-01,0.016436767816086897,-0.021006202167104127,0.008583211493311621,0.03854175152263003
2011-06-01,0.02968231381685811,-0.026616869156388005,0.021745137009925662,0.03906716422935911
2011-07-01,0.02215705887829684,-0.023491498387969306,0.018066603364407924,0.03683095786671728
2011-08-01,0.02299997606326695,-0.021886154636595868,0.01687033437599112,0.03638843673697489
2011-09-01,0.0014113623591898612,-0.02610465399411081,0.001354265323241276,0.036871361215165724
2011-10-01,-0.007137259654479857,-0.025008363201500187,-0.0025549540004809,0.03663458898338518
2011-11-01,-0.010313968275236934,-0.024951549151299508,-0.004757992231946541,0.03781762144713301
2011-12-01,-0.016291689373347698,-0.024961335409152713,-0.00496257446082496,0.033381655061376546
2012-01-01,-0.018554825142002098,-0.023573733443148157,-0.007237800141604344,0.03508198331579352
2012-02-01,-0.012796840569979848,-0.025719084930579086,-0.0016087945387637768,0.03691851145284731
2012-03-01,-0.007532094923335021,-0.020894473548190597,0.010677862088780517,0.03874829603629222
2012-04-01,0.0047367188133518034,-0.009910613645981562,0.01425754920402615,0.03849309118924919
2012-05-01,0.0042304834473603685,-0.011257156817378287,0.01076851248941499,0.04018343073777673
2012-06-01,-0.008443145837294955,-0.01001372668196956,0.006445887695197993,0.04149388676354287
2012-07-01,-0.004273933891384684,-0.002481488320481626,-0.007035720951608063,0.04141254942234837
2012-08-01,-0.007043719170658275,-0.0022046943609394976,-0.0014734493981544746,0.04167180438017744
2012-09-01,-0.011994463458731718,-0.00783100477540849,0.010568003017793103,0.04245603325774085
2012-10-01,-0.012949737434157055,-0.007261671221536164,0.012586816319882269,0.04341028390763306
2012-11-01,-0.009663302404779537,-0.00926878378954693,0.004318189610224517,0.044767538606903245
2012-12-01,-0.00017656716619759115,-0.008858979763347064,-0.007091198789986566,0.0453132646197071
2013-01-01,0.001450771747635947,-0.008640045071591522,-0.00902589990411403,0.046234257877966506
2013-02-01,-0.0018193849196397058,-0.007397253506247002,-0.004567556234677279,0.047454841689922235
2013-03-01,-0.001289123618966175,-0.00874144133499708,-0.007294793163031403,0.04911781008214779
2013-04-01,-0.000637061598849774,-0.012394200199775203,-0.0022082812170227248,0.05066496760357367
2013-05-01,-0.001060912985839713,-0.012873612843545396,-0.003962460777319536,0.052500154172060554
2013-06-01,0.0044735374335494234,-0.01498152644020474,0.0013384677477386083,0.05351332648862117
2013-07-01,0.0029538511048592475,-0.016879068754944205,-0.000907623770166897,0.05446765344312837
2013-08-01,0.0034405586844560325,-0.01494482444859504,0.00083014917094415,0.055265760924085576
2013-09-01,-0.0016532680282402238,-0.018778995592980803,-0.002660181923064198,0.05548083641341922
2013-10-01,-0.002486747451443186,-0.018849419931859943,-0.003282155837180907,0.056706387232306
2013-11-01,-0.0015324071400661643,-0.0172177160985585,-0.0015442482472526385,0.05809432294905464
2013-12-01,-0.0032321726340483704,-0.013798174806430337,0.004406773110974858,0.059533315208627244
2014-01-01,-0.0031774877226169503,-0.014539182321540976,0.0036956786100060786,0.060681573621757086
2014-02-01,-0.003012822429055541,-0.012804827754150861,0.00480125835989456,0.0612992952166766
2014-03-01,-0.004714675797984535,-0.011082305750137827,0.002605925242793768,0.062202707212940855
2014-04-01,-0.005082985059830775,-0.011295142417569017,0.002104495593899253,0.06399765928213308
2014-05-01,-0.006398768664407398,-0.010249206821741231,0.0003480793795337337,0.06534168080371938
2014-06-01,-0.005921991209693004,-0.006579349452968737,0.0025566347762856984,0.06584412838264155
2014-07-01,-0.0049970521979439565,-0.003476420908578528,0.004071157113385076,0.06622856241893849
2014-08-01,-0.0018980443437005435,-0.0009021108606339944,0.008287053311768449,0.06803139380397799
2014-09-01,-0.003601494165410409,-0.011115102084969016,0.004052692764652917,0.06818733354564903
2014-10-01,-0.003921682116269944,-0.009482293157759673,0.004914371535483152,0.06835979990195337
2014-11-01,-0.005268035345589528,-0.009810522791586021,0.003541184836163342,0.07009537757947353
2014-12-01,-0.0014027552750500573,-0.005805306129025589,0.0048892431840443515,0.07046500304622684
2015-01-01,-7.74537516489242e-05,-0.005216198840495171,0.005426016017439254,0.07148774527728825
2015-02-01,-0.00321163786245325,-0.0060366741796106455,0.004629077432130433,0.07197650954139859
2015-03-01,0.0016905699827437434,-0.002847438312345703,0.003838346521606616,0.06895893903580781
2015-04-01,0.0030738354074765373,-0.0026550439825734047,0.003977406261602328,0.06910023723302258
2015-05-01,0.004872193436944464,-0.001765075561568566,0.0039668328954313966,0.06942711604626307
2015-06-01,0.014052754940565834,-0.007809714012220812,0.004959135713215288,0.06419798976515405
2015-07-01,0.021894371796588194,-0.010383623787180433,0.005870231702886374,0.06406667991551981
2015-08-01,0.014845653399119672,-0.014075428353490505,0.006800539957370126,0.06457059867418666
2015-09-01,0.001145072030225425,-0.0031727539145919286,0.005052611952450242,0.06213058545596635
2015-10-01,-0.007396285909486693,-0.002511388766308087,0.006955408151341117,0.0619784068475774
2015-11-01,0.013138640141317309,-0.012742426183137527,0.006950414082582062,0.06213558820958319
2015-12-01,0.019878872089206537,-0.019898898152036847,0.008270040662733236,0.06089714995528224
2016-01-01,0.009512495948114475,-0.022428414815144317,0.008719986930061076,0.0624195948811595
2016-02-01,-0.007895753852689005,-0.012150023358190308,0.006887118896572163,0.06336151332446871
2016-03-01,-0.010092604512185594,-0.011135391528394828,0.007288833913986664,0.06398798689619663
2016-04-01,-0.002033203708541603,-0.017242764544530796,0.007935818547204225,0.06482925367296911
2016-05-01,-0.00227270499203327,-0.017048138826838685,0.007862899247126407,0.06600031842482348
2016-06-01,-0.0037794399597673844,-0.018936976688999328,0.008113835202198896,0.06592301106879693
2016-07-01,-0.002340966544113493,-0.019946921457579224,0.008852401532480887,0.06738055157104281
2016-08-01,-0.00037358091485120226,-0.028865426396643773,0.013621241426227773,0.06187853162411115
2016-09-01,0.00044942616028497415,-0.028670493285663512,0.013742443914402108,0.0637177398907364
2016-10-01,-0.006254391084076498,-0.030566986846068938,0.01560826312996317,0.06489794646755206
2016-11-01,-0.00982481825940883,-0.030102570782145455,0.01569864939273246,0.06666981898920213
2016-12-01,-0.010671969874450439,-0.031052592954906394,0.015849427738483312,0.06671613688624628
2017-01-01,-0.009905302173471731,-0.03253290411798004,0.016911790901215747,0.06640196057012379
2017-02-01,-0.008947008171444719,-0.03371200803320783,0.01809068622146154,0.06741192104344745
2017-03-01,-0.0084819325857592,-0.032602811813480896,0.02045024564834524,0.06679212657046632
2017-04-01,-0.007549999448778226,-0.03086215644970646,0.021259057550672204,0.06676336906243244
2017-05-01,-0.00830717538368301,-0.031654671596682914,0.02067052350647163,0.06815931679243381
2017-06-01,-0.007987355495047515,-0.03174584837973197,0.022071412304236267,0.06879488833568073
2017-07-01,-0.007491585190835105,-0.0314206742823926,0.02244354805891838,0.07058057576264892
2017-08-01,-0.008120051671030602,-0.03210845378819232,0.02266127184348766,0.0700339092538859
2017-09-01,-0.009718363804808396,-0.03251895207781016,0.02150082060038143,0.07200576406007636
2017-10-01,-0.011400067279216844,-0.02950213663107397,0.01695140748420737,0.07210538338331612
2017-11-01,-0.013368256394617705,-0.03092643400553003,0.015272222741582651,0.07387368644831928
2017-12-01,-0.012292933953792377,-0.034695097898935295,0.022043576444923017,0.07320677973341513
2018-01-01,-0.0072165146665791125,-0.033384764622962554,0.022741489712097825,0.07497320950445902
2018-02-01,0.0043284042916983635,-0.024334994883949933,0.020405816555652923,0.07551984479991627
2018-03-01,-0.000189300084224092,-0.023366451621872026,0.016953631426618557,0.07742685778916852
2018-04-01,-0.003488662423860535,-0.020502592809666292,0.01508258870657894,0.07863243166044658
2018-05-01,-0.008859146083516461,-0.022887244570610213,0.01827178299821621,0.07758910514631454
2018-06-01,-0.008632972785443317,-0.022132184256752393,0.01839872941253377,0.0752728469825049
2018-07-01,-0.008387722608005148,-0.021953402111420276,0.018732317772769323,0.07697245387789715
2018-08-01,9.743375779809604e-05,-0.013289009144833011,0.016499776469205106,0.07750060574678282
2018-09-01,0.008375313617944033,-0.015251468197787636,0.014359880415440451,0.07838766244161424
2018-10-01,0.014433913545977468,-0.018309478895446634,0.022771331184497656,0.07977853708239288
2018-11-01,0.007611456716318704,-0.020488975030335158,0.025864889778981184,0.08043527977794523
2018-12-01,-0.007103694113209221,-0.009294054116857716,0.031397325926942214,0.0792460547096919
2019-01-01,-0.02219402815246496,0.00278767821729543,0.03949678805201593,0.07737901650837797
2019-02-01,-0.025928334202847212,0.009466948871815489,0.038305773639321285,0.07537544698375652
2019-03-01,-0.011149997530782555,-0.0019848475970145434,0.030232402843747206,0.07487438027405427
2019-04-01,-0.006916190955426015,-0.0027920722882582736,0.026676987249159848,0.0742445289745582
2019-05-01,-0.007212675013547514,0.0014160644757797965,0.023424264629156324,0.06464235472711047
2019-06-01,-0.003962130532770327,-0.005947637791891831,0.020131155099589133,0.05913916341127949
2019-07-01,-0.004628382141024855,-0.004860403942282566,0.02139907019238843,0.05110594636830539
2019-08-01,-0.005946791868458243,-0.014331239253365814,0.018261324434851154,0.03586407962417141
2019-09-01,-0.012914761178920644,-0.009652861811936638,0.023499786327138554,0.03750251541045241
2019-10-01,-0.011957985707100103,-0.010014472908509825,0.022641338387032903,0.03867949862330306
2019-11-01,-0.014997966333437576,-0.008219499144857456,0.024308113960042062,0.0404741987638184
2019-12-01,-0.008725957619916024,-0.009058154501017986,0.015678323820776944,0.040398016750968185
2020-01-01,0.007188379033946354,-0.024521015258809696,0.002645287065984629,0.0422468096950946
2020-02-01,0.007944467543680925,-0.024578508630297233,0.0018396663945137838,0.04287408394946603
2020-03-01,0.0038676421077874796,-0.021708089779774235,0.0033322244693908196,0.04484524339295018
2020-04-01,-0.021762903442480407,-0.009348098416989803,0.014034714815298537,0.0467338465273753
2020-05-01,-0.020757602880464954,-0.009061187909280167,0.01227686726804415,0.045081918968637454
2020-06-01,-0.01651708970966146,0.002527582748245787,0.004829892801851448,0.032455666874246385
2020-07-01,-0.015923027064520787,0.005649346261417739,-0.008414249919033445,0.013629286055263878
2020-08-01,-0.016139519869901607,0.005536744174352141,-0.007183660863253914,0.01555229856049295
2020-09-01,-0.01614239214392242,0.0054334127661715,-0.005606365199759297,0.017372224415986164
2020-10-01,-0.01584690401222432,0.005472526387159084,-0.00753964494959438,0.019306066821094793
2020-11-01,-0.01574915127022701,0.00560002407665023,-0.007861207456062584,0.021268462903846232
2020-12-01,-0.01590333273212576,0.005445301647282687,-0.007064612753730656,0.023249625189708113
2021-01-01,-0.016216222767838604,0.005445594669434554,-0.005328274660586441,0.02519217096561578
2021-02-01,-0.015547800856580554,0.00598932237866695,-0.006698134282147525,0.027150257262746554
2021-03-01,-0.01590652205020611,0.00584496676367256,-0.006108067542654677,0.029104340675877114
2021-04-01,-0.015514456202403415,0.005751664663157294,-0.006843928264026841,0.03099534229832654
2021-05-01,-0.016321947899004624,0.0039638686443752,-0.005739293654006478,0.03212142131294707
2021-06-01,-0.016320218089983764,0.0020300185564538897,-0.007220091655846646,0.03011758180502495
2021-07-01,-0.008996499472147567,0.007152846486246312,-0.004403143574300003,0.01608801441967783
2021-08-01,-0.004198274880300245,0.006162935770982528,-0.003928488282598699,0.01564370107537246
2021-09-01,-0.004134894575823581,0.006135936041499283,-0.003908806573633508,0.014492940384612928
2021-10-01,-0.0038410393061503443,0.006056240508660722,-0.00396356128899481,0.015647663925305585
2021-11-01,-0.0008611724325052381,0.005569500853887991,-0.0035526478786936542,0.017237173525223325
2021-12-01,0.005373700236745648,0.004646679407493408,-0.005579610174354212,0.018944388383256534
2022-01-01,0.005991344373890676,0.004926972565931051,-0.00572740829103508,0.020914545912266054
2022-02-01,0.004511117345090681,0.0035913684491488064,-0.005410488382076385,0.02271263230948123
2022-03-01,0.00570683897973128,0.004942563255533775,-0.006827534071945022,0.024070329829780572
2022-04-01,0.00635774891226185,0.005147447501185785,-0.007178476517468291,0.025994090311156223
2022-05-01,0.006986715875602059,0.005983409118268076,-0.006697695234758437,0.026900034555081033
2022-06-01,-0.0013116519729937156,0.0050893336312978765,-0.000762459471242964,0.028558507566534632
2022-07-01,0.00046357302180923183,0.006198130474001281,-0.0012260958613435789,0.03053133718438204
2022-08-01,0.0021793640344196967,0.007184315126972894,-0.0013883302578401688,0.0325062211853523
2022-09-01,0.0027533074125744793,0.0074334324885139535,-0.0014623223851053056,0.03450214512320145
2022-10-01,-0.0010171404231148567,0.005471318018161046,-0.0013851037507811184,0.036473295185678614
2022-11-01,-0.0036888627057157924,0.004116323244604503,-0.002844175420119967,0.03800944286304744
2022-12-01,-0.002458874972178865,0.004770716467599427,-0.0020936264269451168,0.0395525170610895
2023-01-01,-0.000547322892439315,0.005120923182898494,-0.0018431038043974293,0.04144700295100477
2023-02-01,-0.002081655346943274,0.0045789696716406645,-0.001276141836488795,0.04336799025055629
2023-03-01,-0.000354883144874873,0.004689405561427213,-0.001121727765068878,0.04520734312546047
2023-04-01,-0.00404408626963097,-2.4473868741473406e-06,-0.004998862552465632,0.04623254957490412
2023-05-01,-0.004154177498077253,5.768456949572163e-06,-0.005038255354522581,0.04776296872951456
2023-06-01,-0.002744233890864186,4.3792216000290926e-05,-0.004805169776046019,0.04957745644790813
2023-07-01,0.001185791263292722,0.0020985442416460594,-0.0022965928612101627,0.051267686891214595
2023-08-01,0.006106648213932256,0.003317380997932017,0.004359855680444776,0.05183601302935567
2023-09-01,0.002208045528189176,0.0033882461639147547,0.0012556937298837758,0.05317423096991329
2023-10-01,-0.004108773875698963,0.009249268599126873,-0.0046249588431511845,0.05116625275386193
2023-11-01,-0.009053803081035816,0.007005422917159962,-0.006992807716434624,0.05309653178178754
2023-12-01,-0.008914672406829877,0.007004595086494938,-0.006820882597424538,0.054250570887925065
2024-01-01,-0.007264169106753832,0.00769289981096107,-0.006871263418472849,0.05618514303582368
2024-02-01,-0.003246133266643029,0.0022407779780427234,0.0009764048351320123,0.05283358347358101
2024-03-01,-0.0022427158525047948,0.0011865108292875583,0.0038997588635490345,0.05179761704983054
2024-04-01,-0.002031172202259392,0.0015009212968419457,0.0036546308957998686,0.04929276109683281
2024-05-01,-0.005172024495929725,0.0023280265147688564,0.0009312491152552171,0.050776406843076334
2024-06-01,-0.0034172351699967634,0.004509132236908659,0.004057165392025168,0.05198168704155272
2024-07-01,-0.0024867394854178808,0.004827681331644231,0.004218922430718077,0.053950932219598596
2024-08-01,-0.003129451682237175,0.005288062562855854,0.0038602425018134405,0.054822804421378574
2024-09-01,-0.006660611652738123,0.008024410996608534,0.0014318284339778662,0.05576579574423421
2024-10-01,-0.005704589329387504,0.008519869659685124,0.0016289616803334581,0.05765113747143937
2024-11-01,-0.0012559581915110281,0.004455191506769089,0.00349100052514012,0.05823326919070937
2024-12-01,-0.00016183482009661542,0.0061104590619055045,0.004007936375365651,0.059279015417003054
2025-01-01,0.007296423278828033,0.0031728139963185854,0.00762867118872457,0.0609539710128023
2025-02-01,0.01090513217413936,0.007336452472489248,0.010517073781812086,0.062460581110785146
2025-03-01,0.007035142744910494,0.0074092089940687705,0.0038648760832822237,0.06386019568569877
2025-04-01,-0.003439021975314859,0.031112830688102333,-0.00034415491369531315,0.05717782019817211
2025-05-01,-0.010983439443771547,0.05181117423279858,-0.004085442379677657,0.05324757618264639
2025-06-01,-0.00309904970649956,0.022587404334110026,-0.0014984394391067569,0.0500220712202564
2025-07-01,-0.0036606960157361955,0.021971007466319605,-0.001739425359399384,0.049996178023436394
2025-08-01,-0.0017640969112733883,0.022769990096086216,-0.0011823837206827318,0.051692620498927776
2025-09-01,0.0006342900586394586,0.022519956168048583,-0.0007637545043400879,0.05360099339431708
2025-10-01,0.0029817269718765077,0.021034020828535012,0.0009028328428136267,0.05539562275666578
2025-11-01,0.0029817269718765077,0.021034020828535012,0.0009028328428136267,0.05839562275666578
2025-12-01,0.0029817269718765077,0.021034020828535012,0.0009028328428136267,0.06139562275666578
2026-01-01,0.0029817269718765077,0.021034020828535012,0.0009028328428136267,0.06439562275666579
2026-02-01,0.0029817269718765077,0.021034020828535012,0.0009028328428136267,0.06739562275666579
2026-03-01,0.0029817269718765077,0.021034020828535012,0.0009028328428136267,0.07039562275666579
2026-04-01,0.0029817269718765077,0.021034020828535012,0.0009028328428136267,0.0733956227566658
2026-05-01,0.0029817269718765077,0.021034020828535012,0.0009028328428136267,0.0763956227566658
2026-06-01,0.0029817269718765077,0.021034020828535012,0.0009028328428136267,0.0793956227566658
2026-07-01,0.0029817269718765077,0.021034020828535012,0.0009028328428136267,0.0823956227566658
