series,r2_spx,beta_spx,p_value,corr_spx,n_obs,sig,r2_growth,r2_discount,r2_riskprem,r2_gap,assigned_bucket,assignment_method,passes_filter
L4_indpro_yoy,0.1608,-0.548,0.0003,-0.401,79,***,0.0,0.0,0.0,0.0,Growth,tiebreaker,True
L1_manufacturing_yoy,0.1435,-0.6674,0.0006,-0.379,79,***,0.0,0.0,0.0,0.0,Growth,tiebreaker,True
L1_information_yoy,0.1242,-0.9513,0.0014,-0.352,79,***,0.0,0.0,0.0,0.0,Growth,tiebreaker,True
L0_oil_volatility,0.1178,0.463,0.251,0.343,13,,0.0,0.0,0.0,0.0,UNUSED,failed_filter,False
L1_unemployment_benefits_yoy,0.1136,0.0497,0.0024,0.337,79,***,0.0,0.0,0.0,0.0,Discount,tiebreaker,True
L3_retail_sales_yoy,0.113,-0.4961,0.0025,-0.336,79,***,0.0,0.0,0.0,0.0,Growth,tiebreaker,True
L1_retail_sales_yoy,0.113,-0.4961,0.0025,-0.336,79,***,0.0,0.0,0.0,0.0,Growth,tiebreaker,True
L1_nominal_aggregate_payrolls_yoy,0.1108,-0.9301,0.0027,-0.333,79,***,0.0,0.0,0.0,0.0,Growth,tiebreaker,True
L1_private_yoy,0.11,-1.002,0.0028,-0.332,79,***,0.0,0.0,0.0,0.0,Growth,tiebreaker,True
L1_private_payrolls_yoy,0.11,-1.002,0.0028,-0.332,79,***,0.0,0.0,0.0,0.0,Growth,tiebreaker,True
L4_mfg_production_yoy,0.106,-0.4301,0.0072,-0.326,67,***,0.0,0.0,0.0,0.0,Growth,tiebreaker,True
L1_nonfinancial_profits_yoy,0.1048,-0.1188,0.0036,-0.324,79,***,0.0,0.0,0.0,0.0,Growth,tiebreaker,True
L1_corp_profits_aftertax_yoy,0.1024,-0.1514,0.0041,-0.32,79,***,0.0,0.0,0.0,0.0,Growth,tiebreaker,True
L1_profit_margin_yoy,0.0998,-0.1764,0.0046,-0.316,79,***,0.0,0.0,0.0,0.0,Growth,tiebreaker,True
L1_total_hours_worked_yoy,0.0966,-0.8208,0.0053,-0.311,79,***,0.0,0.0,0.0,0.0,Growth,tiebreaker,True
L1_total_nonfarm_yoy,0.0925,-1.0916,0.0064,-0.304,79,***,0.0,0.0,0.0,0.0,Growth,tiebreaker,True
L0_payroll_yoy,0.0925,-1.0916,0.0064,-0.304,79,***,0.0,0.0,0.0,0.0,Growth,tiebreaker,True
L1_total_payroll_yoy,0.0925,-1.0916,0.0064,-0.304,79,***,0.0,0.0,0.0,0.0,Growth,tiebreaker,True
L1_household_employment_yoy,0.089,-1.3053,0.0076,-0.298,79,***,0.0,0.0,0.0,0.0,Growth,tiebreaker,True
L1_professional_business_yoy,0.0865,-1.3674,0.0085,-0.294,79,***,0.0,0.0,0.0,0.0,Growth,tiebreaker,True
L2_corp_bond_debt_yoy,0.0827,0.6769,0.0102,0.288,79,**,0.0,0.0,0.0,0.0,Risk_Premium,tiebreaker,True
L4_capacity_util_total,0.0779,-0.0052,0.0128,-0.279,79,**,0.0,0.0,0.0,0.0,Growth,tiebreaker,True
L0_capacity_utilization,0.0779,-0.519,0.0128,-0.279,79,**,0.0,0.0,0.0,0.0,Growth,tiebreaker,True
L1_gdi_yoy,0.0725,-0.7449,0.0164,-0.269,79,**,0.0,0.0,0.0,0.0,Growth,tiebreaker,True
L5_sp500_eps_yoy,0.0653,-0.1435,0.023,-0.256,79,**,0.0,0.0,0.0,0.0,Growth,tiebreaker,True
L1_current_transfers_yoy,0.0623,0.2748,0.0265,0.25,79,**,0.0,0.0,0.0,0.0,Discount,tiebreaker,True
L1_construction_yoy,0.0616,-0.3134,0.0274,-0.248,79,**,0.0,0.0,0.0,0.0,Growth,tiebreaker,True
L0_it_investment_yoy,0.0591,-0.2248,0.0309,-0.243,79,**,0.0,0.0,0.0,0.0,Growth,tiebreaker,True
L3_federal_expenditures_yoy,0.0589,0.4584,0.0311,0.243,79,**,0.0,0.0,0.0,0.0,Growth,tiebreaker,True
L1_trade_transport_utilities_yoy,0.0561,-0.9828,0.0356,-0.237,79,**,0.0,0.0,0.0,0.0,Growth,tiebreaker,True
L1_other_services_yoy,0.0556,-1.3926,0.0365,-0.236,79,**,0.0,0.0,0.0,0.0,Growth,tiebreaker,True
L1_real_aggregate_payrolls_yoy,0.0546,-0.6994,0.0382,-0.234,79,**,0.0,0.0,0.0,0.0,Growth,tiebreaker,True
L1_education_health_yoy,0.0544,-1.3755,0.0386,-0.233,79,**,0.0,0.0,0.0,0.0,Growth,tiebreaker,True
L3_state_local_expenditures_yoy,0.0541,0.5955,0.0391,0.233,79,**,0.0,0.0,0.0,0.0,Growth,tiebreaker,True
L4_real_final_sales_yoy,0.0519,-0.7798,0.0435,-0.228,79,**,0.0,0.0,0.0,0.0,Growth,tiebreaker,True
L4_output_gap,0.0514,-0.0071,0.0446,-0.227,79,**,0.0,0.0,0.0,0.0,Growth,tiebreaker,True
L1_corp_profits_pretax_yoy,0.0482,-0.1066,0.0519,-0.22,79,*,0.0,0.0,0.0,0.0,UNUSED,failed_filter,False
L4_capacity_util_mfg,0.0472,-0.0036,0.0688,-0.217,71,*,0.0,0.0,0.0,0.0,UNUSED,failed_filter,False
L1_leisure_hospitality_yoy,0.0414,-0.9582,0.072,-0.204,79,*,0.0,0.0,0.0,0.0,UNUSED,failed_filter,False
L4_nominal_gdp_yoy,0.0397,-0.557,0.0782,-0.199,79,*,0.0,0.0,0.0,0.0,UNUSED,failed_filter,False
L4_core_cpi_yoy,0.0337,0.501,0.1051,0.184,79,,0.0,0.0,0.0,0.0,UNUSED,failed_filter,False
L0_nonres_fixed_investment_yoy,0.0334,-0.1818,0.1067,-0.183,79,,0.0,0.0,0.0,0.0,UNUSED,failed_filter,False
L5_cape,0.0332,-0.0041,0.1082,-0.182,79,,0.0,0.0,0.0,0.0,UNUSED,failed_filter,False
L2_mortgage_spread,0.0314,0.0174,0.1309,0.177,74,,0.0,0.0,0.0,0.0,UNUSED,failed_filter,False
L3_inv_profits_ratio,0.029,0.0421,0.1338,0.17,79,,0.0,0.0,0.0,0.0,UNUSED,failed_filter,False
L3_durables_pce_share,0.0287,-1.3835,0.1359,-0.169,79,,0.0,0.0,0.0,0.0,UNUSED,failed_filter,False
L3_govt_spending_gdp_ratio,0.0271,1.2277,0.147,0.165,79,,0.0,0.0,0.0,0.0,UNUSED,failed_filter,False
L0_real_fed_funds,0.0254,-0.0039,0.1609,-0.159,79,,0.0,0.0,0.0,0.0,UNUSED,failed_filter,False
L3_federal_deficit_gdp_ratio,0.024,-0.9315,0.1724,-0.155,79,,0.0,0.0,0.0,0.0,UNUSED,failed_filter,False
L3_primary_deficit_gdp_ratio,0.0238,-0.9105,0.1746,-0.154,79,,0.0,0.0,0.0,0.0,UNUSED,failed_filter,False
L1_government_yoy,0.0234,0.7932,0.1786,0.153,79,,0.0,0.0,0.0,0.0,UNUSED,failed_filter,False
L1_iva_yoy,0.0233,0.005,0.1792,0.153,79,,0.0,0.0,0.0,0.0,UNUSED,failed_filter,False
L3_pce_services_yoy,0.023,-0.8721,0.182,-0.152,79,,0.0,0.0,0.0,0.0,UNUSED,failed_filter,False
L4_core_pce_yoy,0.0224,0.5608,0.1884,0.15,79,,0.0,0.0,0.0,0.0,UNUSED,failed_filter,False
L3_pce_yoy,0.0223,-0.505,0.189,-0.149,79,,0.0,0.0,0.0,0.0,UNUSED,failed_filter,False
L1_corp_cashflow_yoy,0.0212,-0.1189,0.2002,-0.146,79,,0.0,0.0,0.0,0.0,UNUSED,failed_filter,False
L1_mining_logging_yoy,0.0179,-0.1097,0.2397,-0.134,79,,0.0,0.0,0.0,0.0,UNUSED,failed_filter,False
L1_financial_activities_yoy,0.0166,-0.631,0.2582,-0.129,79,,0.0,0.0,0.0,0.0,UNUSED,failed_filter,False
L3_real_govt_spending_yoy,0.0153,0.3899,0.2774,0.124,79,,0.0,0.0,0.0,0.0,UNUSED,failed_filter,False
L3_real_dpi_yoy,0.015,-0.4037,0.2828,-0.122,79,,0.0,0.0,0.0,0.0,UNUSED,failed_filter,False
L1_real_disposable_income_yoy,0.015,-0.4037,0.2828,-0.122,79,,0.0,0.0,0.0,0.0,UNUSED,failed_filter,False
L3_inventory_change_gdp,0.015,-1.383,0.2816,-0.123,79,,0.0,0.0,0.0,0.0,UNUSED,failed_filter,False
L5_sp500_pe,0.0148,-0.0063,0.2855,-0.122,79,,0.0,0.0,0.0,0.0,UNUSED,failed_filter,False
L2_corp_debt_profits_ratio,0.0144,0.0087,0.2925,0.12,79,,0.0,0.0,0.0,0.0,UNUSED,failed_filter,False
L0_total_factor_productivity,0.0128,-0.003,0.3199,-0.113,79,,0.0,0.0,0.0,0.0,UNUSED,failed_filter,False
L5_equity_risk_premium,0.0123,0.0005,0.3314,0.111,79,,0.0,0.0,0.0,0.0,UNUSED,failed_filter,False
L2_mortgage_debt_yoy,0.012,-0.2015,0.3361,-0.11,79,,0.0,0.0,0.0,0.0,UNUSED,failed_filter,False
L1_comp_per_hour_yoy,0.0119,0.3606,0.3385,0.109,79,,0.0,0.0,0.0,0.0,UNUSED,failed_filter,False
L4_ulc_yoy,0.0087,0.2078,0.4123,0.094,79,,0.0,0.0,0.0,0.0,UNUSED,failed_filter,False
L0_oil_price,0.0085,0.002,0.7434,0.092,15,,0.0,0.0,0.0,0.0,UNUSED,failed_filter,False
L0_renewables_share,0.0072,0.7308,0.4944,0.085,67,,0.0,0.0,0.0,0.0,UNUSED,failed_filter,False
L0_labor_productivity,0.0069,-0.0014,0.4653,-0.083,79,,0.0,0.0,0.0,0.0,UNUSED,failed_filter,False
L2_consumer_credit_yoy,0.0067,-0.1165,0.4749,-0.082,79,,0.0,0.0,0.0,0.0,UNUSED,failed_filter,False
L3_consumer_credit_yoy,0.0067,-0.1165,0.4749,-0.082,79,,0.0,0.0,0.0,0.0,UNUSED,failed_filter,False
L0_nuclear_share,0.0062,0.3495,0.5269,0.079,67,,0.0,0.0,0.0,0.0,UNUSED,failed_filter,False
L0_petroleum_share,0.006,-0.1648,0.5336,-0.077,67,,0.0,0.0,0.0,0.0,UNUSED,failed_filter,False
L1_social_benefits_yoy,0.0059,0.0887,0.5009,0.077,79,,0.0,0.0,0.0,0.0,UNUSED,failed_filter,False
L3_pce_goods_yoy,0.0059,-0.0654,0.501,-0.077,79,,0.0,0.0,0.0,0.0,UNUSED,failed_filter,False
L4_corp_gva_yoy,0.0059,-0.0558,0.5022,-0.077,79,,0.0,0.0,0.0,0.0,UNUSED,failed_filter,False
L2_interest_profits_ratio,0.0058,0.0344,0.5061,0.076,79,,0.0,0.0,0.0,0.0,UNUSED,failed_filter,False
L2_dollar_index,0.0052,0.0004,0.5609,0.072,67,,0.0,0.0,0.0,0.0,UNUSED,failed_filter,False
L2_consumer_credit_dpi_ratio,0.0048,-0.4461,0.5424,-0.07,79,,0.0,0.0,0.0,0.0,UNUSED,failed_filter,False
L4_michigan_5y,0.0048,0.0023,0.6442,0.069,47,,0.0,0.0,0.0,0.0,UNUSED,failed_filter,False
L1_profit_margin,0.0047,-0.3929,0.5486,-0.069,79,,0.0,0.0,0.0,0.0,UNUSED,failed_filter,False
L4_ppi_yoy,0.0045,-0.0912,0.5578,-0.067,79,,0.0,0.0,0.0,0.0,UNUSED,failed_filter,False
L0_bank_deposits_yoy,0.0042,-0.2504,0.613,-0.065,63,,0.0,0.0,0.0,0.0,UNUSED,failed_filter,False
L4_cpi_yoy,0.0039,0.1432,0.5825,0.063,79,,0.0,0.0,0.0,0.0,UNUSED,failed_filter,False
L0_commercial_credit_yoy,0.0034,0.0764,0.6493,0.058,63,,0.0,0.0,0.0,0.0,UNUSED,failed_filter,False
L3_spending_sustainability_ratio,0.0033,-0.2649,0.6159,-0.057,79,,0.0,0.0,0.0,0.0,UNUSED,failed_filter,False
L4_pce_yoy,0.0028,0.1524,0.6453,0.053,79,,0.0,0.0,0.0,0.0,UNUSED,failed_filter,False
L0_coal_share,0.0026,-0.1305,0.6821,-0.051,67,,0.0,0.0,0.0,0.0,UNUSED,failed_filter,False
L3_defense_spending_yoy,0.0026,0.0723,0.6527,0.051,79,,0.0,0.0,0.0,0.0,UNUSED,failed_filter,False
L2_corp_debt_yoy,0.0022,-0.1132,0.6827,-0.047,79,,0.0,0.0,0.0,0.0,UNUSED,failed_filter,False
L3_personal_saving_rate_yoy,0.0021,-0.0256,0.6883,-0.046,79,,0.0,0.0,0.0,0.0,UNUSED,failed_filter,False
L0_natural_gas_share,0.0021,0.0718,0.7104,0.046,67,,0.0,0.0,0.0,0.0,UNUSED,failed_filter,False
L3_personal_saving_rate,0.0019,0.0017,0.7043,0.043,79,,0.0,0.0,0.0,0.0,UNUSED,failed_filter,False
L0_bank_reserves_yoy,0.0019,0.0444,0.7023,0.044,79,,0.0,0.0,0.0,0.0,UNUSED,failed_filter,False
L2_m2_yoy,0.0017,-0.1053,0.7206,-0.041,79,,0.0,0.0,0.0,0.0,UNUSED,failed_filter,False
L1_disposable_income_yoy,0.0017,-0.1414,0.7167,-0.041,79,,0.0,0.0,0.0,0.0,UNUSED,failed_filter,False
L1_transfers_dpi_ratio,0.0012,-0.3866,0.7605,-0.035,79,,0.0,0.0,0.0,0.0,UNUSED,failed_filter,False
L0_labor_force_participation,0.0012,-0.1312,0.7658,-0.034,79,,0.0,0.0,0.0,0.0,UNUSED,failed_filter,False
L3_consumer_credit_pce_ratio,0.0011,-0.092,0.7743,-0.033,79,,0.0,0.0,0.0,0.0,UNUSED,failed_filter,False
L0_crude_production,0.0008,0.0,0.8065,0.028,79,,0.0,0.0,0.0,0.0,UNUSED,failed_filter,False
L0_financial_conditions,0.0007,0.0015,0.8266,0.026,75,,0.0,0.0,0.0,0.0,UNUSED,failed_filter,False
L2_nfci,0.0007,0.0015,0.8266,0.026,75,,0.0,0.0,0.0,0.0,UNUSED,failed_filter,False
L2_corp_debt_gdp_ratio,0.0005,-0.0487,0.8452,-0.022,79,,0.0,0.0,0.0,0.0,UNUSED,failed_filter,False
L0_unit_labor_cost,0.0005,-0.0001,0.8414,-0.023,79,,0.0,0.0,0.0,0.0,UNUSED,failed_filter,False
L4_corp_gva_gdp_ratio,0.0004,-792.54,0.8546,-0.021,79,,0.0,0.0,0.0,0.0,UNUSED,failed_filter,False
L1_median_weekly_yoy,0.0003,-0.0672,0.9117,-0.019,38,,0.0,0.0,0.0,0.0,UNUSED,failed_filter,False
L3_inv_gdp_ratio,0.0003,0.1096,0.8852,0.017,79,,0.0,0.0,0.0,0.0,UNUSED,failed_filter,False
L1_ahe_yoy,0.0002,0.0519,0.898,0.015,79,,0.0,0.0,0.0,0.0,UNUSED,failed_filter,False
L0_energy_cpi,0.0001,-0.0,0.9439,-0.008,79,,0.0,0.0,0.0,0.0,UNUSED,failed_filter,False
L3_interest_gdp_ratio,0.0,-0.0302,0.9778,-0.003,79,,0.0,0.0,0.0,0.0,UNUSED,failed_filter,False
L2_corp_bond_debt_gdp_ratio,0.0,-0.0152,0.975,-0.004,79,,0.0,0.0,0.0,0.0,UNUSED,failed_filter,False
